station_name,native_id,station_file_name,lat,lon,elev,variable,unit_raw,earliest_time_raw,latest_time_raw,db_var_match,variable_match_score,matched_name,unit_db,earliest_time_db,latest_time_db,earliest_diff_days,latest_diff_days
Atlin School,AtlSch,Atlin school,59.574,-133.687,705,Rain,mm,2010-08-20 19:00:00,2024-08-10 19:00:00,,,,,,,,
Atlin School,AtlSch,Atlin school,59.574,-133.687,705,Air Temp,°C,2010-08-20 19:00:00,2024-08-10 19:00:00,,,,,,,,
Atlin School,AtlSch,Atlin school,59.574,-133.687,705,RH,%,2010-08-20 19:00:00,2024-08-10 19:00:00,,,,,,,,
Atlin School,AtlSch,Atlin school,59.574,-133.687,705,DewPt,°C,2010-08-20 19:00:00,2024-08-10 19:00:00,,,,,,,,
Atlin School,AtlSch,Atlin school,59.574,-133.687,705,Wind Speed,m/s,2010-08-20 19:00:00,2024-08-10 19:00:00,,,,,,,,
Atlin School,AtlSch,Atlin school,59.574,-133.687,705,Gust Speed,m/s,2010-08-20 19:00:00,2024-08-10 19:00:00,,,,,,,,
Atlin School,AtlSch,Atlin school,59.574,-133.687,705,Wind Direction,ø,2010-08-20 19:00:00,2024-08-10 19:00:00,,,,,,,,
Atlin School,AtlSch,Atlin school,59.574,-133.687,705,Solar Radiation,W/m²,2010-08-20 19:00:00,2024-08-10 19:00:00,,,,,,,,
Atlin School,AtlSch,Atlin school,59.574,-133.687,705,Gd Temp 75 cm,°C,2010-08-20 19:00:00,2024-08-10 19:00:00,,,,,,,,
Atlin School,AtlSch,Atlin school,59.574,-133.687,705,Gd Temp 50 cm,°C,2010-08-20 19:00:00,2024-08-10 19:00:00,,,,,,,,
Atlin School,AtlSch,Atlin school,59.574,-133.687,705,Gd Temp 25 cm,°C,2010-08-20 19:00:00,2024-08-10 19:00:00,,,,,,,,
Atlin School,AtlSch,Atlin school,59.574,-133.687,705,Sfc Temp,°C,2010-08-20 19:00:00,2024-08-10 19:00:00,,,,,,,,
Atlin School,AtlSch,Atlin school,59.574,-133.687,705,Air Temp 2,°C,2010-08-20 19:00:00,2024-08-10 19:00:00,,,,,,,,
BarrenWx,Barren,Barren,54.510444,-126.614341,1051,Rain,mm,2021-07-09 12:00:00,2024-10-03 11:00:00,Rainmm,80.0,BarrenWx,mm,2021-07-09 13:00:00,2024-10-03 11:00:00,-1.0,0.0
BarrenWx,Barren,Barren,54.510444,-126.614341,1051,Pressure,mbar,2021-07-09 12:00:00,2024-10-03 11:00:00,Pressurembar,80.0,BarrenWx,millibar,2021-07-09 12:00:00,2024-10-03 11:00:00,0.0,0.0
BarrenWx,Barren,Barren,54.510444,-126.614341,1051,Temp,°C,2021-07-09 12:00:00,2024-10-03 11:00:00,TempC,88.88888888888889,BarrenWx,celsius,2021-07-09 12:00:00,2024-10-03 11:00:00,0.0,0.0
BarrenWx,Barren,Barren,54.510444,-126.614341,1051,RH,%,2021-07-09 12:00:00,2024-10-03 11:00:00,RH,100.0,BarrenWx,%,2021-07-09 12:00:00,2024-10-03 11:00:00,0.0,0.0
BarrenWx,Barren,Barren,54.510444,-126.614341,1051,DewPt,°C,2021-07-09 12:00:00,2024-10-03 11:00:00,DewPtC,90.9090909090909,BarrenWx,celsius,2021-07-09 12:00:00,2024-10-03 11:00:00,0.0,0.0
BarrenWx,Barren,Barren,54.510444,-126.614341,1051,Wind Speed,m/s,2021-07-09 12:00:00,2024-10-03 11:00:00,WindSpeedms,85.71428571428572,BarrenWx,m s-1,2021-07-09 12:00:00,2024-10-03 11:00:00,0.0,0.0
BarrenWx,Barren,Barren,54.510444,-126.614341,1051,Gust Speed,m/s,2021-07-09 12:00:00,2024-10-03 11:00:00,GustSpeedms,85.71428571428572,BarrenWx,m s-1,2021-07-09 12:00:00,2024-10-03 11:00:00,0.0,0.0
BarrenWx,Barren,Barren,54.510444,-126.614341,1051,Wind Direction,ø,2021-07-09 12:00:00,2024-10-03 11:00:00,WindDirection,96.2962962962963,BarrenWx,degree,2021-07-09 12:00:00,2024-10-03 11:00:00,0.0,0.0
BarrenWx,Barren,Barren,54.510444,-126.614341,1051,Solar Radiation,W/m²,2021-07-09 12:00:00,2024-10-03 11:00:00,SolarRadiationWm,90.32258064516128,BarrenWx,W m-2,2021-07-09 12:00:00,2024-10-03 11:00:00,0.0,0.0
BarrenWx,Barren,Barren,54.510444,-126.614341,1051,Water Content,m³/m³ 15 cm,2021-07-09 12:00:00,2024-10-03 11:00:00,,64.86486486486487,,,,,,
BarrenWx,Barren,Barren,54.510444,-126.614341,1051,WC_cal,m³/m³,2021-07-09 12:00:00,2024-10-03 11:00:00,,26.66666666666667,,,,,,
BarrenWx,Barren,Barren,54.510444,-126.614341,1051,Soil Temp,°C,2021-07-09 12:00:00,2024-10-03 11:00:00,Soil_Temp,88.88888888888889,BarrenWx,celsius,2021-07-09 12:00:00,2024-10-03 11:00:00,0.0,0.0
BarrenWx,Barren,Barren,54.510444,-126.614341,1051,Water Content,m³/m³ 5 cm,2021-07-09 12:00:00,2024-10-03 11:00:00,,64.86486486486487,,,,,,
BarrenWx,Barren,Barren,54.510444,-126.614341,1051,Water Content,m³/m³ 30 cm,2021-07-09 12:00:00,2024-10-03 11:00:00,,64.86486486486487,,,,,,
BlackhawkWx,Blackhawk,Blackhawk,55.078885,-120.352171,962,Rain,mm,2012-05-24 13:00:00,2025-01-07 10:00:00,Rainmm,80.0,Blackhawk,mm,2012-05-24 14:00:00,2025-01-07 10:00:00,-1.0,0.0
BlackhawkWx,Blackhawk,Blackhawk,55.078885,-120.352171,962,Pressure,mbar,2012-05-24 13:00:00,2025-01-07 10:00:00,Pressurembar,80.0,Blackhawk,millibar,2012-05-24 13:00:00,2025-01-07 10:00:00,0.0,0.0
BlackhawkWx,Blackhawk,Blackhawk,55.078885,-120.352171,962,Temp,?C,2012-05-24 13:00:00,2025-01-07 10:00:00,TempC,88.88888888888889,Blackhawk,celsius,2012-05-24 13:00:00,2025-01-07 10:00:00,0.0,0.0
BlackhawkWx,Blackhawk,Blackhawk,55.078885,-120.352171,962,RH,%,2012-05-24 13:00:00,2025-01-07 10:00:00,RH,100.0,Blackhawk,%,2012-05-24 13:00:00,2025-01-07 10:00:00,0.0,0.0
BlackhawkWx,Blackhawk,Blackhawk,55.078885,-120.352171,962,DewPt,?C,2012-05-24 13:00:00,2025-01-07 10:00:00,DewPtC,90.9090909090909,Blackhawk,celsius,2012-05-24 13:00:00,2025-01-07 10:00:00,0.0,0.0
BlackhawkWx,Blackhawk,Blackhawk,55.078885,-120.352171,962,Wind Speed,m/s,2012-05-24 13:00:00,2025-01-07 10:00:00,WindSpeedms,85.71428571428572,Blackhawk,m s-1,2012-05-24 13:00:00,2025-01-07 10:00:00,0.0,0.0
BlackhawkWx,Blackhawk,Blackhawk,55.078885,-120.352171,962,Gust Speed,m/s,2012-05-24 13:00:00,2025-01-07 10:00:00,GustSpeedms,85.71428571428572,Blackhawk,m s-1,2012-05-24 13:00:00,2025-01-07 10:00:00,0.0,0.0
BlackhawkWx,Blackhawk,Blackhawk,55.078885,-120.352171,962,Wind Direction,°,2012-05-24 13:00:00,2025-01-07 10:00:00,WindDirection,96.2962962962963,Blackhawk,degree,2012-05-24 13:00:00,2025-01-07 10:00:00,0.0,0.0
BlackhawkWx,Blackhawk,Blackhawk,55.078885,-120.352171,962,Solar Radiation,W/m?,2012-05-24 13:00:00,2025-01-07 10:00:00,SolarRadiationWm,90.32258064516128,Blackhawk,W m-2,2012-05-24 13:00:00,2025-01-07 10:00:00,0.0,0.0
BlackhawkWx,Blackhawk,Blackhawk,55.078885,-120.352171,962,Snow depth raw,cm,2012-05-24 13:00:00,2025-01-07 10:00:00,,66.66666666666667,,,,,,
BlackhawkWx,Blackhawk,Blackhawk,55.078885,-120.352171,962,Snow depth,cm,2012-05-24 13:00:00,2025-01-07 10:00:00,Snow_Depth,80.0,Blackhawk,cm,2016-10-26 14:00:00,2025-01-07 10:00:00,-1617.0,0.0
BlackhawkWx,Blackhawk,Blackhawk,55.078885,-120.352171,962,Water Content,m?/m? 15 cm,2012-05-24 13:00:00,2025-01-07 10:00:00,,63.1578947368421,,,,,,
BlackhawkWx,Blackhawk,Blackhawk,55.078885,-120.352171,962,WC_cal,m?/m?,2012-05-24 13:00:00,2025-01-07 10:00:00,,25.806451612903224,,,,,,
BlackhawkWx,Blackhawk,Blackhawk,55.078885,-120.352171,962,Soil Temp,?C,2012-05-24 13:00:00,2025-01-07 10:00:00,,57.14285714285714,,,,,,
BoulderWx,Boulder Creek,BoulderCr,55.108173,-127.37474,385,Rain,mm,2010-06-07 13:00:00,2024-08-07 08:00:00,Rainmm,80.0,Boulder Creek,mm,2010-06-07 13:00:00,2023-09-21 14:00:00,0.0,320.0
BoulderWx,Boulder Creek,BoulderCr,55.108173,-127.37474,385,Pressure,mbar,2010-06-07 13:00:00,2024-08-07 08:00:00,Pressurembar,80.0,Boulder Creek,millibar,2010-06-07 13:00:00,2023-09-21 14:00:00,0.0,320.0
BoulderWx,Boulder Creek,BoulderCr,55.108173,-127.37474,385,Temp,°C,2010-06-07 13:00:00,2024-08-07 08:00:00,TempC,88.88888888888889,Boulder Creek,celsius,2010-06-07 13:00:00,2023-09-21 14:00:00,0.0,320.0
BoulderWx,Boulder Creek,BoulderCr,55.108173,-127.37474,385,RH,%,2010-06-07 13:00:00,2024-08-07 08:00:00,RH,100.0,Boulder Creek,%,2010-06-07 13:00:00,2023-09-21 14:00:00,0.0,320.0
BoulderWx,Boulder Creek,BoulderCr,55.108173,-127.37474,385,DewPt,°C,2010-06-07 13:00:00,2024-08-07 08:00:00,DewPtC,90.9090909090909,Boulder Creek,celsius,2010-06-07 13:00:00,2023-09-21 14:00:00,0.0,320.0
BoulderWx,Boulder Creek,BoulderCr,55.108173,-127.37474,385,Wind Speed,m/s,2010-06-07 13:00:00,2024-08-07 08:00:00,WindSpeedms,85.71428571428572,Boulder Creek,m s-1,2010-06-07 13:00:00,2023-09-21 14:00:00,0.0,320.0
BoulderWx,Boulder Creek,BoulderCr,55.108173,-127.37474,385,Gust Speed,m/s,2010-06-07 13:00:00,2024-08-07 08:00:00,GustSpeedms,85.71428571428572,Boulder Creek,m s-1,2010-06-07 13:00:00,2023-09-21 14:00:00,0.0,320.0
BoulderWx,Boulder Creek,BoulderCr,55.108173,-127.37474,385,Wind Direction,ø,2010-06-07 13:00:00,2024-08-07 08:00:00,WindDirection,96.2962962962963,Boulder Creek,degree,2010-06-07 13:00:00,2023-09-21 14:00:00,0.0,320.0
BoulderWx,Boulder Creek,BoulderCr,55.108173,-127.37474,385,Solar Radiation,W/m²,2010-06-07 13:00:00,2024-08-07 08:00:00,SolarRadiationWm,90.32258064516128,Boulder Creek,W m-2,2010-06-07 13:00:00,2023-09-21 14:00:00,0.0,320.0
BoulderWx,Boulder Creek,BoulderCr,55.108173,-127.37474,385,Wetness,%,2010-06-07 13:00:00,2024-08-07 08:00:00,Wetness,100.0,Boulder Creek,%,2011-07-13 11:00:00,2023-09-21 14:00:00,-401.0,320.0
BoulderWx,Boulder Creek,BoulderCr,55.108173,-127.37474,385,Water Content,m³/m³ 15 cm,2010-06-07 13:00:00,2024-08-07 08:00:00,,63.1578947368421,,,,,,
BoulderWx,Boulder Creek,BoulderCr,55.108173,-127.37474,385,WC_cal,m³/m³,2010-06-07 13:00:00,2024-08-07 08:00:00,,25.806451612903224,,,,,,
BoulderWx,Boulder Creek,BoulderCr,55.108173,-127.37474,385,Soil Temp,°C,2010-06-07 13:00:00,2024-08-07 08:00:00,,57.14285714285714,,,,,,
BowronPit,BowronPit,Bowron Pit,53.902111,-122.015389,722,Rain,mm,2018-08-29 15:00:00,2025-01-07 11:00:00,Rainmm,80.0,Bowron Pit,mm,2018-09-13 13:00:00,2025-01-07 11:00:00,-15.0,0.0
BowronPit,BowronPit,Bowron Pit,53.902111,-122.015389,722,Pressure,mbar,2018-08-29 15:00:00,2025-01-07 11:00:00,Pressurembar,80.0,Bowron Pit,millibar,2018-09-13 12:00:00,2025-01-07 11:00:00,-15.0,0.0
BowronPit,BowronPit,Bowron Pit,53.902111,-122.015389,722,Temp,°C,2018-08-29 15:00:00,2025-01-07 11:00:00,TempC,88.88888888888889,Bowron Pit,celsius,2018-08-29 15:00:00,2025-01-07 11:00:00,0.0,0.0
BowronPit,BowronPit,Bowron Pit,53.902111,-122.015389,722,RH,%,2018-08-29 15:00:00,2025-01-07 11:00:00,RH,100.0,Bowron Pit,%,2018-08-29 15:00:00,2025-01-07 11:00:00,0.0,0.0
BowronPit,BowronPit,Bowron Pit,53.902111,-122.015389,722,DewPt,°C,2018-08-29 15:00:00,2025-01-07 11:00:00,DewPtC,90.9090909090909,Bowron Pit,celsius,2018-09-13 12:00:00,2025-01-07 11:00:00,-15.0,0.0
BowronPit,BowronPit,Bowron Pit,53.902111,-122.015389,722,Wind Speed,m/s,2018-08-29 15:00:00,2025-01-07 11:00:00,WindSpeedms,85.71428571428572,Bowron Pit,m s-1,2018-09-13 12:00:00,2025-01-07 11:00:00,-15.0,0.0
BowronPit,BowronPit,Bowron Pit,53.902111,-122.015389,722,Gust Speed,m/s,2018-08-29 15:00:00,2025-01-07 11:00:00,GustSpeedms,85.71428571428572,Bowron Pit,m s-1,2018-09-13 12:00:00,2025-01-07 11:00:00,-15.0,0.0
BowronPit,BowronPit,Bowron Pit,53.902111,-122.015389,722,Wind Direction,ø,2018-08-29 15:00:00,2025-01-07 11:00:00,WindDirection,96.2962962962963,Bowron Pit,degree,2018-09-13 12:00:00,2025-01-07 11:00:00,-15.0,0.0
BowronPit,BowronPit,Bowron Pit,53.902111,-122.015389,722,Solar Radiation,W/m²,2018-08-29 15:00:00,2025-01-07 11:00:00,SolarRadiationWm,90.32258064516128,Bowron Pit,W m-2,2018-09-13 12:00:00,2025-01-07 11:00:00,-15.0,0.0
BowronPit,BowronPit,Bowron Pit,53.902111,-122.015389,722,Snow depth raw,cm,2018-08-29 15:00:00,2025-01-07 11:00:00,,66.66666666666667,,,,,,
BowronPit,BowronPit,Bowron Pit,53.902111,-122.015389,722,Snow depth,cm,2018-08-29 15:00:00,2025-01-07 11:00:00,Snow_Depth,80.0,Bowron Pit,cm,2019-11-01 12:00:00,2025-01-07 11:00:00,-429.0,0.0
BowronPit,BowronPit,Bowron Pit,53.902111,-122.015389,722,Water Content,m³/m³ 15 cm,2018-08-29 15:00:00,2025-01-07 11:00:00,,63.1578947368421,,,,,,
BowronPit,BowronPit,Bowron Pit,53.902111,-122.015389,722,WC_cal,m³/m³,2018-08-29 15:00:00,2025-01-07 11:00:00,,25.806451612903224,,,,,,
BowronPit,BowronPit,Bowron Pit,53.902111,-122.015389,722,Soil Temp,°C,2018-08-29 15:00:00,2025-01-07 11:00:00,,57.14285714285714,,,,,,
BowronPit,BowronPit,Bowron Pit,53.902111,-122.015389,722,Temp 2,°C,2018-08-29 15:00:00,2025-01-07 11:00:00,,72.72727272727273,,,,,,
BowronPit,BowronPit,Bowron Pit,53.902111,-122.015389,722,RH 2,%,2018-08-29 15:00:00,2025-01-07 11:00:00,,66.66666666666667,,,,,,
BowronPit,BowronPit,Bowron Pit,53.902111,-122.015389,722,DewPt 2,°C,2018-08-29 15:00:00,2025-01-07 11:00:00,,76.92307692307692,,,,,,
BowronPit,BowronPit,Bowron Pit,53.902111,-122.015389,722,Snow sensor Temp,°C,2018-08-29 15:00:00,2025-01-07 11:00:00,,46.15384615384615,,,,,,
BulkleyWx,PGTIS1,Bulkley PGTIS 1,53.772183,-122.720729,594,Rain,mm,2007-07-31 13:00:00,2024-10-24 11:00:00,Rainmm,80.0,BulkleyWx,mm,2007-07-31 12:00:03,2023-10-17 10:00:00,0.0,373.0
BulkleyWx,PGTIS1,Bulkley PGTIS 1,53.772183,-122.720729,594,Pressure,mbar,2007-07-31 13:00:00,2024-10-24 11:00:00,Pressurembar,80.0,BulkleyWx,millibar,2007-07-31 12:00:03,2023-10-17 10:00:00,0.0,373.0
BulkleyWx,PGTIS1,Bulkley PGTIS 1,53.772183,-122.720729,594,Temp,°C,2007-07-31 13:00:00,2024-10-24 11:00:00,TempC,88.88888888888889,BulkleyWx,celsius,2007-07-31 12:00:03,2023-10-17 10:00:00,0.0,373.0
BulkleyWx,PGTIS1,Bulkley PGTIS 1,53.772183,-122.720729,594,RH,%,2007-07-31 13:00:00,2024-10-24 11:00:00,RH,100.0,BulkleyWx,%,2007-07-31 12:00:03,2023-10-17 10:00:00,0.0,373.0
BulkleyWx,PGTIS1,Bulkley PGTIS 1,53.772183,-122.720729,594,DewPt,°C,2007-07-31 13:00:00,2024-10-24 11:00:00,DewPtC,90.9090909090909,BulkleyWx,celsius,2007-07-31 12:00:03,2023-10-17 10:00:00,0.0,373.0
BulkleyWx,PGTIS1,Bulkley PGTIS 1,53.772183,-122.720729,594,Wind Speed,m/s,2007-07-31 13:00:00,2024-10-24 11:00:00,WindSpeedms,85.71428571428572,BulkleyWx,m s-1,2007-07-31 12:00:03,2023-10-17 10:00:00,0.0,373.0
BulkleyWx,PGTIS1,Bulkley PGTIS 1,53.772183,-122.720729,594,Gust Speed,m/s,2007-07-31 13:00:00,2024-10-24 11:00:00,GustSpeedms,85.71428571428572,BulkleyWx,m s-1,2007-07-31 12:00:03,2023-10-17 10:00:00,0.0,373.0
BulkleyWx,PGTIS1,Bulkley PGTIS 1,53.772183,-122.720729,594,Wind Direction,ø,2007-07-31 13:00:00,2024-10-24 11:00:00,WindDirection,96.2962962962963,BulkleyWx,degree,2007-07-31 12:00:03,2023-10-17 10:00:00,0.0,373.0
BulkleyWx,PGTIS1,Bulkley PGTIS 1,53.772183,-122.720729,594,Solar Radiation,W/m²,2007-07-31 13:00:00,2024-10-24 11:00:00,SolarRadiationWm,90.32258064516128,BulkleyWx,W m-2,2007-07-31 12:00:03,2023-10-17 10:00:00,0.0,373.0
BulkleyWx,PGTIS1,Bulkley PGTIS 1,53.772183,-122.720729,594,Wetness,%,2007-07-31 13:00:00,2024-10-24 11:00:00,Wetness,100.0,BulkleyWx,%,2007-07-31 12:00:03,2023-10-17 10:00:00,0.0,373.0
CPFWx,PGTIS3,CPF PGTIS 3,53.753775,-122.718864,593,Rain,mm,2007-08-09 14:00:00,2024-10-24 08:00:00,Rainmm,80.0,CPFWx,mm,2007-08-09 13:00:00,2023-10-17 08:00:00,0.0,373.0
CPFWx,PGTIS3,CPF PGTIS 3,53.753775,-122.718864,593,Pressure,mbar,2007-08-09 14:00:00,2024-10-24 08:00:00,Pressurembar,80.0,CPFWx,millibar,2007-08-09 13:00:00,2023-10-17 08:00:00,0.0,373.0
CPFWx,PGTIS3,CPF PGTIS 3,53.753775,-122.718864,593,Temp,°C,2007-08-09 14:00:00,2024-10-24 08:00:00,TempC,88.88888888888889,CPFWx,celsius,2007-08-09 13:00:00,2023-10-17 08:00:00,0.0,373.0
CPFWx,PGTIS3,CPF PGTIS 3,53.753775,-122.718864,593,RH,%,2007-08-09 14:00:00,2024-10-24 08:00:00,RH,100.0,CPFWx,%,2007-08-09 13:00:00,2023-10-17 08:00:00,0.0,373.0
CPFWx,PGTIS3,CPF PGTIS 3,53.753775,-122.718864,593,DewPt,°C,2007-08-09 14:00:00,2024-10-24 08:00:00,DewPtC,90.9090909090909,CPFWx,celsius,2007-08-09 13:00:00,2023-10-17 08:00:00,0.0,373.0
CPFWx,PGTIS3,CPF PGTIS 3,53.753775,-122.718864,593,Wind Speed,m/s,2007-08-09 14:00:00,2024-10-24 08:00:00,WindSpeedms,85.71428571428572,CPFWx,m s-1,2007-08-09 13:00:00,2023-10-17 08:00:00,0.0,373.0
CPFWx,PGTIS3,CPF PGTIS 3,53.753775,-122.718864,593,Gust Speed,m/s,2007-08-09 14:00:00,2024-10-24 08:00:00,GustSpeedms,85.71428571428572,CPFWx,m s-1,2007-08-09 13:00:00,2023-10-17 08:00:00,0.0,373.0
CPFWx,PGTIS3,CPF PGTIS 3,53.753775,-122.718864,593,Wind Direction,ø,2007-08-09 14:00:00,2024-10-24 08:00:00,WindDirection,96.2962962962963,CPFWx,degree,2007-08-09 13:00:00,2023-10-17 08:00:00,0.0,373.0
CPFWx,PGTIS3,CPF PGTIS 3,53.753775,-122.718864,593,Solar Radiation,W/m²,2007-08-09 14:00:00,2024-10-24 08:00:00,SolarRadiationWm,90.32258064516128,CPFWx,W m-2,2007-08-09 13:00:00,2023-10-17 08:00:00,0.0,373.0
CPFWx,PGTIS3,CPF PGTIS 3,53.753775,-122.718864,593,Wetness,%,2007-08-09 14:00:00,2024-10-24 08:00:00,Wetness,100.0,CPFWx,%,2007-08-09 13:00:00,2023-10-17 08:00:00,0.0,373.0
Canoe Mountain Stn,Canoe Mountain Stn,Canoe,52.70982,-119.19126,2210,Rain,mm,2012-03-22 11:00:00,2025-01-07 12:00:00,Rainmm,80.0,Canoe Mountain Stn,mm,2012-03-22 12:00:00,2024-01-05 10:00:00,-1.0,368.0
Canoe Mountain Stn,Canoe Mountain Stn,Canoe,52.70982,-119.19126,2210,Pressure,mbar,2012-03-22 11:00:00,2025-01-07 12:00:00,Pressurembar,80.0,Canoe Mountain Stn,millibar,2012-03-22 11:00:00,2024-01-05 10:00:00,0.0,368.0
Canoe Mountain Stn,Canoe Mountain Stn,Canoe,52.70982,-119.19126,2210,Temp,°C,2012-03-22 11:00:00,2025-01-07 12:00:00,TempC,88.88888888888889,Canoe Mountain Stn,celsius,2012-03-22 11:00:00,2024-01-05 10:00:00,0.0,368.0
Canoe Mountain Stn,Canoe Mountain Stn,Canoe,52.70982,-119.19126,2210,RH,%,2012-03-22 11:00:00,2025-01-07 12:00:00,RH,100.0,Canoe Mountain Stn,%,2012-03-22 11:00:00,2024-01-05 10:00:00,0.0,368.0
Canoe Mountain Stn,Canoe Mountain Stn,Canoe,52.70982,-119.19126,2210,DewPt,°C,2012-03-22 11:00:00,2025-01-07 12:00:00,DewPtC,90.9090909090909,Canoe Mountain Stn,celsius,2012-03-22 11:00:00,2024-01-05 10:00:00,0.0,368.0
Canoe Mountain Stn,Canoe Mountain Stn,Canoe,52.70982,-119.19126,2210,Wind Speed,m/s,2012-03-22 11:00:00,2025-01-07 12:00:00,WindSpeedms,85.71428571428572,Canoe Mountain Stn,m s-1,2012-03-22 11:00:00,2024-01-05 10:00:00,0.0,368.0
Canoe Mountain Stn,Canoe Mountain Stn,Canoe,52.70982,-119.19126,2210,Gust Speed,m/s,2012-03-22 11:00:00,2025-01-07 12:00:00,GustSpeedms,85.71428571428572,Canoe Mountain Stn,m s-1,2012-03-22 11:00:00,2024-01-05 10:00:00,0.0,368.0
Canoe Mountain Stn,Canoe Mountain Stn,Canoe,52.70982,-119.19126,2210,Wind Direction,ø,2012-03-22 11:00:00,2025-01-07 12:00:00,WindDirection,96.2962962962963,Canoe Mountain Stn,degree,2012-03-22 11:00:00,2024-01-05 10:00:00,0.0,368.0
Canoe Mountain Stn,Canoe Mountain Stn,Canoe,52.70982,-119.19126,2210,Solar Radiation,W/m²,2012-03-22 11:00:00,2025-01-07 12:00:00,SolarRadiationWm,90.32258064516128,Canoe Mountain Stn,W m-2,2012-03-22 11:00:00,2024-01-05 10:00:00,0.0,368.0
Caribou Pass,CaribouPass,Caribou Pass,58.35718,-129.54637,1744,Rain,mm,2023-08-04 11:00:00,2025-01-07 14:00:00,Rainmm,80.0,Caribou Pass,mm,2023-08-04 12:00:00,2024-01-05 11:00:00,-1.0,368.0
Caribou Pass,CaribouPass,Caribou Pass,58.35718,-129.54637,1744,Pressure,mbar,2023-08-04 11:00:00,2025-01-07 14:00:00,Pressurembar,80.0,Caribou Pass,millibar,2023-08-04 11:00:00,2024-01-05 11:00:00,0.0,368.0
Caribou Pass,CaribouPass,Caribou Pass,58.35718,-129.54637,1744,Temp,?C,2023-08-04 11:00:00,2025-01-07 14:00:00,TempC,88.88888888888889,Caribou Pass,celsius,2023-08-04 11:00:00,2023-12-14 06:00:00,0.0,390.0
Caribou Pass,CaribouPass,Caribou Pass,58.35718,-129.54637,1744,RH,%,2023-08-04 11:00:00,2025-01-07 14:00:00,RH,100.0,Caribou Pass,%,2023-08-04 11:00:00,2023-12-14 06:00:00,0.0,390.0
Caribou Pass,CaribouPass,Caribou Pass,58.35718,-129.54637,1744,DewPt,?C,2023-08-04 11:00:00,2025-01-07 14:00:00,DewPtC,90.9090909090909,Caribou Pass,celsius,2023-08-04 11:00:00,2023-12-14 06:00:00,0.0,390.0
Caribou Pass,CaribouPass,Caribou Pass,58.35718,-129.54637,1744,Wind Speed,m/s,2023-08-04 11:00:00,2025-01-07 14:00:00,WindSpeedms,85.71428571428572,Caribou Pass,m s-1,2023-08-04 11:00:00,2024-01-05 11:00:00,0.0,368.0
Caribou Pass,CaribouPass,Caribou Pass,58.35718,-129.54637,1744,Gust Speed,m/s,2023-08-04 11:00:00,2025-01-07 14:00:00,GustSpeedms,85.71428571428572,Caribou Pass,m s-1,2023-08-04 11:00:00,2024-01-05 11:00:00,0.0,368.0
Caribou Pass,CaribouPass,Caribou Pass,58.35718,-129.54637,1744,Wind Direction,°,2023-08-04 11:00:00,2025-01-07 14:00:00,WindDirection,96.2962962962963,Caribou Pass,degree,2023-08-04 11:00:00,2024-01-05 11:00:00,0.0,368.0
Caribou Pass,CaribouPass,Caribou Pass,58.35718,-129.54637,1744,Solar Radiation,W/m?,2023-08-04 11:00:00,2025-01-07 14:00:00,SolarRadiationWm,90.32258064516128,Caribou Pass,W m-2,2023-08-04 11:00:00,2024-01-05 11:00:00,0.0,368.0
Caribou Pass,CaribouPass,Caribou Pass,58.35718,-129.54637,1744,Temp 2,?C,2023-08-04 11:00:00,2025-01-07 14:00:00,,72.72727272727273,,,,,,
Caribou Pass,CaribouPass,Caribou Pass,58.35718,-129.54637,1744,RH 2,%,2023-08-04 11:00:00,2025-01-07 14:00:00,,66.66666666666667,,,,,,
Caribou Pass,CaribouPass,Caribou Pass,58.35718,-129.54637,1744,DewPt 2,?C,2023-08-04 11:00:00,2025-01-07 14:00:00,,76.92307692307692,,,,,,
ChapmanWx,Chapman,Chapman,54.883903,-126.623533,848,Rain,mm,2021-07-08 12:00:00,2024-10-03 14:00:00,Rainmm,80.0,ChapmanWx,mm,2021-07-08 13:00:00,2024-10-03 14:00:00,-1.0,0.0
ChapmanWx,Chapman,Chapman,54.883903,-126.623533,848,Pressure,mbar,2021-07-08 12:00:00,2024-10-03 14:00:00,Pressurembar,80.0,ChapmanWx,millibar,2021-07-08 12:00:00,2024-10-03 14:00:00,0.0,0.0
ChapmanWx,Chapman,Chapman,54.883903,-126.623533,848,Temp,?C,2021-07-08 12:00:00,2024-10-03 14:00:00,TempC,88.88888888888889,ChapmanWx,celsius,2021-07-08 12:00:00,2024-10-03 14:00:00,0.0,0.0
ChapmanWx,Chapman,Chapman,54.883903,-126.623533,848,RH,%,2021-07-08 12:00:00,2024-10-03 14:00:00,RH,100.0,ChapmanWx,%,2021-07-08 12:00:00,2024-10-03 14:00:00,0.0,0.0
ChapmanWx,Chapman,Chapman,54.883903,-126.623533,848,DewPt,?C,2021-07-08 12:00:00,2024-10-03 14:00:00,DewPtC,90.9090909090909,ChapmanWx,celsius,2021-07-08 12:00:00,2024-10-03 14:00:00,0.0,0.0
ChapmanWx,Chapman,Chapman,54.883903,-126.623533,848,Wind Speed,m/s,2021-07-08 12:00:00,2024-10-03 14:00:00,WindSpeedms,85.71428571428572,ChapmanWx,m s-1,2021-07-08 12:00:00,2024-10-03 14:00:00,0.0,0.0
ChapmanWx,Chapman,Chapman,54.883903,-126.623533,848,Gust Speed,m/s,2021-07-08 12:00:00,2024-10-03 14:00:00,GustSpeedms,85.71428571428572,ChapmanWx,m s-1,2021-07-08 12:00:00,2024-10-03 14:00:00,0.0,0.0
ChapmanWx,Chapman,Chapman,54.883903,-126.623533,848,Wind Direction,?,2021-07-08 12:00:00,2024-10-03 14:00:00,WindDirection,96.2962962962963,ChapmanWx,degree,2021-07-08 12:00:00,2024-10-03 14:00:00,0.0,0.0
ChapmanWx,Chapman,Chapman,54.883903,-126.623533,848,Solar Radiation,W/m?,2021-07-08 12:00:00,2024-10-03 14:00:00,SolarRadiationWm,90.32258064516128,ChapmanWx,W m-2,2021-07-08 12:00:00,2024-10-03 14:00:00,0.0,0.0
ChapmanWx,Chapman,Chapman,54.883903,-126.623533,848,Water Content,m?/m? 15 cm,2021-07-08 12:00:00,2024-10-03 14:00:00,,64.86486486486487,,,,,,
ChapmanWx,Chapman,Chapman,54.883903,-126.623533,848,WC_cal,m?/m?,2021-07-08 12:00:00,2024-10-03 14:00:00,,26.66666666666667,,,,,,
ChapmanWx,Chapman,Chapman,54.883903,-126.623533,848,Soil Temp,?C,2021-07-08 12:00:00,2024-10-03 14:00:00,Soil_Temp,88.88888888888889,ChapmanWx,celsius,2021-07-08 12:00:00,2024-10-03 14:00:00,0.0,0.0
ChapmanWx,Chapman,Chapman,54.883903,-126.623533,848,Water Content,m?/m? 5 cm,2021-07-08 12:00:00,2024-10-03 14:00:00,,64.86486486486487,,,,,,
ChapmanWx,Chapman,Chapman,54.883903,-126.623533,848,Water Content,m?/m? 30 cm,2021-07-08 12:00:00,2024-10-03 14:00:00,,64.86486486486487,,,,,,
ChiefLakeWx,ChiefWx,ChiefLk,54.238028,-122.877306,720,Rain,mm,2019-07-05 13:00:00,2024-10-09 10:00:00,Rainmm,80.0,Chief Lake,mm,2019-07-05 14:00:00,2023-09-29 08:00:00,-1.0,376.0
ChiefLakeWx,ChiefWx,ChiefLk,54.238028,-122.877306,720,Pressure,mbar,2019-07-05 13:00:00,2024-10-09 10:00:00,Pressurembar,80.0,Chief Lake,millibar,2019-07-05 13:00:00,2023-09-29 08:00:00,0.0,376.0
ChiefLakeWx,ChiefWx,ChiefLk,54.238028,-122.877306,720,Temp,?C,2019-07-05 13:00:00,2024-10-09 10:00:00,TempC,88.88888888888889,Chief Lake,celsius,2019-07-05 13:00:00,2023-09-29 08:00:00,0.0,376.0
ChiefLakeWx,ChiefWx,ChiefLk,54.238028,-122.877306,720,RH,%,2019-07-05 13:00:00,2024-10-09 10:00:00,RH,100.0,Chief Lake,%,2019-07-05 13:00:00,2023-09-29 08:00:00,0.0,376.0
ChiefLakeWx,ChiefWx,ChiefLk,54.238028,-122.877306,720,DewPt,?C,2019-07-05 13:00:00,2024-10-09 10:00:00,DewPtC,90.9090909090909,Chief Lake,celsius,2019-07-05 13:00:00,2023-09-29 08:00:00,0.0,376.0
ChiefLakeWx,ChiefWx,ChiefLk,54.238028,-122.877306,720,Wind Speed,m/s,2019-07-05 13:00:00,2024-10-09 10:00:00,WindSpeedms,85.71428571428572,Chief Lake,m s-1,2019-07-05 13:00:00,2023-09-29 08:00:00,0.0,376.0
ChiefLakeWx,ChiefWx,ChiefLk,54.238028,-122.877306,720,Gust Speed,m/s,2019-07-05 13:00:00,2024-10-09 10:00:00,GustSpeedms,85.71428571428572,Chief Lake,m s-1,2019-07-05 13:00:00,2023-09-29 08:00:00,0.0,376.0
ChiefLakeWx,ChiefWx,ChiefLk,54.238028,-122.877306,720,Wind Direction,?,2019-07-05 13:00:00,2024-10-09 10:00:00,WindDirection,96.2962962962963,Chief Lake,degree,2019-07-05 13:00:00,2023-09-29 08:00:00,0.0,376.0
ChiefLakeWx,ChiefWx,ChiefLk,54.238028,-122.877306,720,Solar Radiation,W/m?,2019-07-05 13:00:00,2024-10-09 10:00:00,SolarRadiationWm,90.32258064516128,Chief Lake,W m-2,2019-07-05 13:00:00,2023-09-29 08:00:00,0.0,376.0
ChiefLakeWx,ChiefWx,ChiefLk,54.238028,-122.877306,720,Wetness,%,2019-07-05 13:00:00,2024-10-09 10:00:00,Wetness,100.0,Chief Lake,%,2019-07-05 13:00:00,2023-09-29 08:00:00,0.0,376.0
ChiefLakeWx,ChiefWx,ChiefLk,54.238028,-122.877306,720,Water Content,m?/m? 15 cm,2019-07-05 13:00:00,2024-10-09 10:00:00,,63.1578947368421,,,,,,
ChiefLakeWx,ChiefWx,ChiefLk,54.238028,-122.877306,720,WC_cal,m?/m?,2019-07-05 13:00:00,2024-10-09 10:00:00,,25.806451612903224,,,,,,
ChiefLakeWx,ChiefWx,ChiefLk,54.238028,-122.877306,720,Soil Temp,?C,2019-07-05 13:00:00,2024-10-09 10:00:00,,57.14285714285714,,,,,,
CoalmineWx,CoalmineWx,Coalmine,53.741139,-121.784639,840,Rain,mm,2018-08-29 14:00:00,2024-09-12 12:00:00,Rainmm,80.0,Coalmine Wx,mm,2018-09-14 15:00:00,2024-09-12 12:00:00,-17.0,0.0
CoalmineWx,CoalmineWx,Coalmine,53.741139,-121.784639,840,Pressure,mbar,2018-08-29 14:00:00,2024-09-12 12:00:00,Pressurembar,80.0,Coalmine Wx,millibar,2018-09-14 14:00:00,2024-09-12 12:00:00,-16.0,0.0
CoalmineWx,CoalmineWx,Coalmine,53.741139,-121.784639,840,Temp,°C,2018-08-29 14:00:00,2024-09-12 12:00:00,TempC,88.88888888888889,Coalmine Wx,celsius,2018-08-29 14:00:00,2024-09-12 12:00:00,0.0,0.0
CoalmineWx,CoalmineWx,Coalmine,53.741139,-121.784639,840,RH,%,2018-08-29 14:00:00,2024-09-12 12:00:00,RH,100.0,Coalmine Wx,%,2018-08-29 14:00:00,2024-09-12 12:00:00,0.0,0.0
CoalmineWx,CoalmineWx,Coalmine,53.741139,-121.784639,840,DewPt,°C,2018-08-29 14:00:00,2024-09-12 12:00:00,DewPtC,90.9090909090909,Coalmine Wx,celsius,2018-09-14 14:00:00,2024-09-12 12:00:00,-16.0,0.0
CoalmineWx,CoalmineWx,Coalmine,53.741139,-121.784639,840,Wind Speed,m/s,2018-08-29 14:00:00,2024-09-12 12:00:00,WindSpeedms,85.71428571428572,Coalmine Wx,m s-1,2018-09-14 14:00:00,2024-09-12 12:00:00,-16.0,0.0
CoalmineWx,CoalmineWx,Coalmine,53.741139,-121.784639,840,Gust Speed,m/s,2018-08-29 14:00:00,2024-09-12 12:00:00,GustSpeedms,85.71428571428572,Coalmine Wx,m s-1,2018-09-14 14:00:00,2024-09-12 12:00:00,-16.0,0.0
CoalmineWx,CoalmineWx,Coalmine,53.741139,-121.784639,840,Wind Direction,ø,2018-08-29 14:00:00,2024-09-12 12:00:00,WindDirection,96.2962962962963,Coalmine Wx,degree,2018-09-14 14:00:00,2024-09-12 12:00:00,-16.0,0.0
CoalmineWx,CoalmineWx,Coalmine,53.741139,-121.784639,840,Solar Radiation,W/m²,2018-08-29 14:00:00,2024-09-12 12:00:00,SolarRadiationWm,90.32258064516128,Coalmine Wx,W m-2,2018-09-14 14:00:00,2024-09-12 12:00:00,-16.0,0.0
CoalmineWx,CoalmineWx,Coalmine,53.741139,-121.784639,840,Water Content,m³/m³ 15 cm,2018-08-29 14:00:00,2024-09-12 12:00:00,,63.1578947368421,,,,,,
CoalmineWx,CoalmineWx,Coalmine,53.741139,-121.784639,840,WC_cal,m³/m³,2018-08-29 14:00:00,2024-09-12 12:00:00,,25.806451612903224,,,,,,
CoalmineWx,CoalmineWx,Coalmine,53.741139,-121.784639,840,Temp 2,°C,2018-08-29 14:00:00,2024-09-12 12:00:00,,72.72727272727273,,,,,,
CoalmineWx,CoalmineWx,Coalmine,53.741139,-121.784639,840,RH 2,%,2018-08-29 14:00:00,2024-09-12 12:00:00,,66.66666666666667,,,,,,
CoalmineWx,CoalmineWx,Coalmine,53.741139,-121.784639,840,DewPt 2,°C,2018-08-29 14:00:00,2024-09-12 12:00:00,,76.92307692307692,,,,,,
CrookedLk,CrookedLk,Crooked Lake,59.88626,-126.42886,669,Rain,mm,2023-08-08 14:00:00,2024-10-28 10:00:00,,,,,,,,
CrookedLk,CrookedLk,Crooked Lake,59.88626,-126.42886,669,Pressure,mbar,2023-08-08 14:00:00,2024-10-28 10:00:00,,,,,,,,
CrookedLk,CrookedLk,Crooked Lake,59.88626,-126.42886,669,Temp,?C,2023-08-08 14:00:00,2024-10-28 10:00:00,,,,,,,,
CrookedLk,CrookedLk,Crooked Lake,59.88626,-126.42886,669,RH,%,2023-08-08 14:00:00,2024-10-28 10:00:00,,,,,,,,
CrookedLk,CrookedLk,Crooked Lake,59.88626,-126.42886,669,DewPt,?C,2023-08-08 14:00:00,2024-10-28 10:00:00,,,,,,,,
CrookedLk,CrookedLk,Crooked Lake,59.88626,-126.42886,669,Wind Speed,m/s,2023-08-08 14:00:00,2024-10-28 10:00:00,,,,,,,,
CrookedLk,CrookedLk,Crooked Lake,59.88626,-126.42886,669,Gust Speed,m/s,2023-08-08 14:00:00,2024-10-28 10:00:00,,,,,,,,
CrookedLk,CrookedLk,Crooked Lake,59.88626,-126.42886,669,Wind Direction,°,2023-08-08 14:00:00,2024-10-28 10:00:00,,,,,,,,
CrookedLk,CrookedLk,Crooked Lake,59.88626,-126.42886,669,Solar Radiation,W/m?,2023-08-08 14:00:00,2024-10-28 10:00:00,,,,,,,,
CrystalWx,Crystal Lake,CrystalLk,54.423494,-122.627844,744,Rain,mm,2010-04-29 13:00:00,2024-10-18 13:00:00,Rainmm,80.0,Crystal Lake,mm,2010-04-29 13:00:00,2023-10-11 11:00:00,0.0,373.0
CrystalWx,Crystal Lake,CrystalLk,54.423494,-122.627844,744,Pressure,mbar,2010-04-29 13:00:00,2024-10-18 13:00:00,Pressurembar,80.0,Crystal Lake,millibar,2010-04-29 13:00:00,2023-10-11 11:00:00,0.0,373.0
CrystalWx,Crystal Lake,CrystalLk,54.423494,-122.627844,744,Temp,°C,2010-04-29 13:00:00,2024-10-18 13:00:00,TempC,88.88888888888889,Crystal Lake,celsius,2010-04-29 13:00:00,2023-10-11 11:00:00,0.0,373.0
CrystalWx,Crystal Lake,CrystalLk,54.423494,-122.627844,744,RH,%,2010-04-29 13:00:00,2024-10-18 13:00:00,RH,100.0,Crystal Lake,%,2010-04-29 13:00:00,2023-10-11 11:00:00,0.0,373.0
CrystalWx,Crystal Lake,CrystalLk,54.423494,-122.627844,744,DewPt,°C,2010-04-29 13:00:00,2024-10-18 13:00:00,DewPtC,90.9090909090909,Crystal Lake,celsius,2010-04-29 13:00:00,2023-10-11 11:00:00,0.0,373.0
CrystalWx,Crystal Lake,CrystalLk,54.423494,-122.627844,744,Wind Speed,m/s,2010-04-29 13:00:00,2024-10-18 13:00:00,WindSpeedms,85.71428571428572,Crystal Lake,m s-1,2010-04-29 13:00:00,2023-10-11 11:00:00,0.0,373.0
CrystalWx,Crystal Lake,CrystalLk,54.423494,-122.627844,744,Gust Speed,m/s,2010-04-29 13:00:00,2024-10-18 13:00:00,GustSpeedms,85.71428571428572,Crystal Lake,m s-1,2010-04-29 13:00:00,2023-10-11 11:00:00,0.0,373.0
CrystalWx,Crystal Lake,CrystalLk,54.423494,-122.627844,744,Wind Direction,ø,2010-04-29 13:00:00,2024-10-18 13:00:00,WindDirection,96.2962962962963,Crystal Lake,degree,2010-04-29 13:00:00,2023-10-11 11:00:00,0.0,373.0
CrystalWx,Crystal Lake,CrystalLk,54.423494,-122.627844,744,Solar Radiation,W/m²,2010-04-29 13:00:00,2024-10-18 13:00:00,SolarRadiationWm,90.32258064516128,Crystal Lake,W m-2,2010-04-29 13:00:00,2023-10-11 11:00:00,0.0,373.0
CrystalWx,Crystal Lake,CrystalLk,54.423494,-122.627844,744,Wetness,%,2010-04-29 13:00:00,2024-10-18 13:00:00,Wetness,100.0,Crystal Lake,%,2010-04-29 13:00:00,2023-10-11 11:00:00,0.0,373.0
CrystalWx,Crystal Lake,CrystalLk,54.423494,-122.627844,744,Water Content,m³/m³ 15 cm,2010-04-29 13:00:00,2024-10-18 13:00:00,,63.1578947368421,,,,,,
CrystalWx,Crystal Lake,CrystalLk,54.423494,-122.627844,744,WC_cal,m³/m³,2010-04-29 13:00:00,2024-10-18 13:00:00,,25.806451612903224,,,,,,
CrystalWx,Crystal Lake,CrystalLk,54.423494,-122.627844,744,Soil Temp,°C,2010-04-29 13:00:00,2024-10-18 13:00:00,,57.14285714285714,,,,,,
Dennis,McDonn,Dennis,54.78217,-127.514341,980,Rain,mm,2021-07-07 17:00:00,2024-10-04 09:00:00,Rainmm,80.0,Dennis,mm,2021-07-07 18:00:00,2023-09-19 13:00:00,-1.0,380.0
Dennis,McDonn,Dennis,54.78217,-127.514341,980,Pressure,mbar,2021-07-07 17:00:00,2024-10-04 09:00:00,Pressurembar,80.0,Dennis,millibar,2021-07-07 17:00:00,2023-09-19 13:00:00,0.0,380.0
Dennis,McDonn,Dennis,54.78217,-127.514341,980,Temp,°C,2021-07-07 17:00:00,2024-10-04 09:00:00,TempC,88.88888888888889,Dennis,celsius,2021-07-07 17:00:00,2023-09-19 13:00:00,0.0,380.0
Dennis,McDonn,Dennis,54.78217,-127.514341,980,RH,%,2021-07-07 17:00:00,2024-10-04 09:00:00,RH,100.0,Dennis,%,2021-07-07 17:00:00,2023-09-19 13:00:00,0.0,380.0
Dennis,McDonn,Dennis,54.78217,-127.514341,980,DewPt,°C,2021-07-07 17:00:00,2024-10-04 09:00:00,DewPtC,90.9090909090909,Dennis,celsius,2021-07-07 17:00:00,2023-09-19 13:00:00,0.0,380.0
Dennis,McDonn,Dennis,54.78217,-127.514341,980,Wind Speed,m/s,2021-07-07 17:00:00,2024-10-04 09:00:00,WindSpeedms,85.71428571428572,Dennis,m s-1,2021-07-07 17:00:00,2023-09-19 13:00:00,0.0,380.0
Dennis,McDonn,Dennis,54.78217,-127.514341,980,Gust Speed,m/s,2021-07-07 17:00:00,2024-10-04 09:00:00,GustSpeedms,85.71428571428572,Dennis,m s-1,2021-07-07 17:00:00,2023-09-19 13:00:00,0.0,380.0
Dennis,McDonn,Dennis,54.78217,-127.514341,980,Wind Direction,ø,2021-07-07 17:00:00,2024-10-04 09:00:00,WindDirection,96.2962962962963,Dennis,degree,2021-07-07 17:00:00,2023-09-19 13:00:00,0.0,380.0
Dennis,McDonn,Dennis,54.78217,-127.514341,980,Solar Radiation,W/m²,2021-07-07 17:00:00,2024-10-04 09:00:00,SolarRadiationWm,90.32258064516128,Dennis,W m-2,2021-07-07 17:00:00,2023-09-19 13:00:00,0.0,380.0
Dennis,McDonn,Dennis,54.78217,-127.514341,980,Water Content,m³/m³ 15 cm,2021-07-07 17:00:00,2024-10-04 09:00:00,,64.86486486486487,,,,,,
Dennis,McDonn,Dennis,54.78217,-127.514341,980,WC_cal,m³/m³,2021-07-07 17:00:00,2024-10-04 09:00:00,,26.66666666666667,,,,,,
Dennis,McDonn,Dennis,54.78217,-127.514341,980,Soil Temp,°C,2021-07-07 17:00:00,2024-10-04 09:00:00,Soil_Temp,88.88888888888889,Dennis,celsius,2021-07-07 17:00:00,2023-09-19 13:00:00,0.0,380.0
Dennis,McDonn,Dennis,54.78217,-127.514341,980,Water Content,m³/m³ 5 cm,2021-07-07 17:00:00,2024-10-04 09:00:00,,64.86486486486487,,,,,,
Dennis,McDonn,Dennis,54.78217,-127.514341,980,Water Content,m³/m³ 30 cm,2021-07-07 17:00:00,2024-10-04 09:00:00,,64.86486486486487,,,,,,
DunsterWx,Dunster,Dunster,53.114909,-119.835293,890,Rain,mm,2013-09-05 14:00:00,2025-01-07 14:00:00,Rainmm,80.0,Dunster,mm,2013-09-05 14:00:00,2025-01-07 14:00:00,0.0,0.0
DunsterWx,Dunster,Dunster,53.114909,-119.835293,890,Pressure,mbar,2013-09-05 14:00:00,2025-01-07 14:00:00,Pressurembar,80.0,Dunster,millibar,2013-09-05 14:00:00,2025-01-07 14:00:00,0.0,0.0
DunsterWx,Dunster,Dunster,53.114909,-119.835293,890,Temp,°C,2013-09-05 14:00:00,2025-01-07 14:00:00,TempC,88.88888888888889,Dunster,celsius,2013-09-05 14:00:00,2025-01-07 14:00:00,0.0,0.0
DunsterWx,Dunster,Dunster,53.114909,-119.835293,890,RH,%,2013-09-05 14:00:00,2025-01-07 14:00:00,RH,100.0,Dunster,%,2013-09-05 14:00:00,2025-01-07 14:00:00,0.0,0.0
DunsterWx,Dunster,Dunster,53.114909,-119.835293,890,DewPt,°C,2013-09-05 14:00:00,2025-01-07 14:00:00,DewPtC,90.9090909090909,Dunster,celsius,2013-09-05 14:00:00,2025-01-07 14:00:00,0.0,0.0
DunsterWx,Dunster,Dunster,53.114909,-119.835293,890,Wind Speed,m/s,2013-09-05 14:00:00,2025-01-07 14:00:00,WindSpeedms,85.71428571428572,Dunster,m s-1,2013-09-05 14:00:00,2025-01-07 14:00:00,0.0,0.0
DunsterWx,Dunster,Dunster,53.114909,-119.835293,890,Gust Speed,m/s,2013-09-05 14:00:00,2025-01-07 14:00:00,GustSpeedms,85.71428571428572,Dunster,m s-1,2013-09-05 14:00:00,2025-01-07 14:00:00,0.0,0.0
DunsterWx,Dunster,Dunster,53.114909,-119.835293,890,Wind Direction,ø,2013-09-05 14:00:00,2025-01-07 14:00:00,WindDirection,96.2962962962963,Dunster,degree,2013-09-05 14:00:00,2025-01-07 14:00:00,0.0,0.0
DunsterWx,Dunster,Dunster,53.114909,-119.835293,890,Solar Radiation,W/m²,2013-09-05 14:00:00,2025-01-07 14:00:00,SolarRadiationWm,90.32258064516128,Dunster,W m-2,2013-09-05 14:00:00,2025-01-07 14:00:00,0.0,0.0
DunsterWx,Dunster,Dunster,53.114909,-119.835293,890,Snow depth raw,cm,2013-09-05 14:00:00,2025-01-07 14:00:00,,66.66666666666667,,,,,,
DunsterWx,Dunster,Dunster,53.114909,-119.835293,890,Snow depth,cm,2013-09-05 14:00:00,2025-01-07 14:00:00,Snow_Depth,80.0,Dunster,cm,2023-07-14 11:00:00,2025-01-07 14:00:00,-3599.0,0.0
DunsterWx,Dunster,Dunster,53.114909,-119.835293,890,Water Content,m³/m³ 15 cm,2013-09-05 14:00:00,2025-01-07 14:00:00,,63.1578947368421,,,,,,
DunsterWx,Dunster,Dunster,53.114909,-119.835293,890,WC_cal,m³/m³,2013-09-05 14:00:00,2025-01-07 14:00:00,,30.000000000000004,,,,,,
DunsterWx,Dunster,Dunster,53.114909,-119.835293,890,Rain2,mm,2013-09-05 14:00:00,2025-01-07 14:00:00,,72.72727272727273,,,,,,
EndakoWx,Endako,Endako,54.422392,-125.991293,851,Rain,mm,2007-09-13 13:00:00,2024-09-24 12:00:00,Rainmm,80.0,EndakoWx,mm,2007-09-13 12:00:00,2023-09-15 11:00:00,0.0,375.0
EndakoWx,Endako,Endako,54.422392,-125.991293,851,Pressure,mbar,2007-09-13 13:00:00,2024-09-24 12:00:00,Pressurembar,80.0,EndakoWx,millibar,2007-09-13 12:00:00,2023-09-15 11:00:00,0.0,375.0
EndakoWx,Endako,Endako,54.422392,-125.991293,851,Temp,?C,2007-09-13 13:00:00,2024-09-24 12:00:00,TempC,88.88888888888889,EndakoWx,celsius,2007-09-13 12:00:00,2023-09-15 11:00:00,0.0,375.0
EndakoWx,Endako,Endako,54.422392,-125.991293,851,RH,%,2007-09-13 13:00:00,2024-09-24 12:00:00,RH,100.0,EndakoWx,%,2007-09-13 12:00:00,2023-09-15 11:00:00,0.0,375.0
EndakoWx,Endako,Endako,54.422392,-125.991293,851,DewPt,?C,2007-09-13 13:00:00,2024-09-24 12:00:00,DewPtC,90.9090909090909,EndakoWx,celsius,2007-09-13 12:00:00,2023-09-15 11:00:00,0.0,375.0
EndakoWx,Endako,Endako,54.422392,-125.991293,851,Wind Speed,m/s,2007-09-13 13:00:00,2024-09-24 12:00:00,WindSpeedms,85.71428571428572,EndakoWx,m s-1,2007-09-13 12:00:00,2023-09-15 11:00:00,0.0,375.0
EndakoWx,Endako,Endako,54.422392,-125.991293,851,Gust Speed,m/s,2007-09-13 13:00:00,2024-09-24 12:00:00,GustSpeedms,85.71428571428572,EndakoWx,m s-1,2007-09-13 12:00:00,2023-09-15 11:00:00,0.0,375.0
EndakoWx,Endako,Endako,54.422392,-125.991293,851,Wind Direction,?,2007-09-13 13:00:00,2024-09-24 12:00:00,WindDirection,96.2962962962963,EndakoWx,degree,2007-09-13 12:00:00,2023-09-15 11:00:00,0.0,375.0
EndakoWx,Endako,Endako,54.422392,-125.991293,851,Solar Radiation,W/m?,2007-09-13 13:00:00,2024-09-24 12:00:00,SolarRadiationWm,90.32258064516128,EndakoWx,W m-2,2007-09-13 12:00:00,2023-09-15 11:00:00,0.0,375.0
EndakoWx,Endako,Endako,54.422392,-125.991293,851,Wetness,%,2007-09-13 13:00:00,2024-09-24 12:00:00,Wetness,100.0,EndakoWx,%,2007-09-13 12:00:00,2023-09-15 11:00:00,0.0,375.0
EndakoWx,Endako,Endako,54.422392,-125.991293,851,Water Content,m?/m? 15 cm,2007-09-13 13:00:00,2024-09-24 12:00:00,,63.1578947368421,,,,,,
EndakoWx,Endako,Endako,54.422392,-125.991293,851,WC_cal,m?/m?,2007-09-13 13:00:00,2024-09-24 12:00:00,,25.806451612903224,,,,,,
EndakoWx,Endako,Endako,54.422392,-125.991293,851,Soil Temp,?C,2007-09-13 13:00:00,2024-09-24 12:00:00,,57.14285714285714,,,,,,
GeorgeWx,George,George,53.883555,-124.710668,859,Rain,mm,2007-09-14 12:00:00,2024-09-18 11:00:00,Rainmm,80.0,GeorgeWx,mm,2007-09-14 11:00:00,2023-10-30 10:00:00,0.0,324.0
GeorgeWx,George,George,53.883555,-124.710668,859,Pressure,mbar,2007-09-14 12:00:00,2024-09-18 11:00:00,Pressurembar,80.0,GeorgeWx,millibar,2007-09-14 11:00:00,2023-10-30 11:00:00,0.0,324.0
GeorgeWx,George,George,53.883555,-124.710668,859,Temp,?C,2007-09-14 12:00:00,2024-09-18 11:00:00,TempC,88.88888888888889,GeorgeWx,celsius,2007-09-14 11:00:00,2023-10-30 11:00:00,0.0,324.0
GeorgeWx,George,George,53.883555,-124.710668,859,RH,%,2007-09-14 12:00:00,2024-09-18 11:00:00,RH,100.0,GeorgeWx,%,2007-09-14 11:00:00,2023-10-30 11:00:00,0.0,324.0
GeorgeWx,George,George,53.883555,-124.710668,859,DewPt,?C,2007-09-14 12:00:00,2024-09-18 11:00:00,DewPtC,90.9090909090909,GeorgeWx,celsius,2007-09-14 11:00:00,2023-10-30 11:00:00,0.0,324.0
GeorgeWx,George,George,53.883555,-124.710668,859,Wind Speed,m/s,2007-09-14 12:00:00,2024-09-18 11:00:00,WindSpeedms,85.71428571428572,GeorgeWx,m s-1,2007-09-14 11:00:00,2023-10-30 11:00:00,0.0,324.0
GeorgeWx,George,George,53.883555,-124.710668,859,Gust Speed,m/s,2007-09-14 12:00:00,2024-09-18 11:00:00,GustSpeedms,85.71428571428572,GeorgeWx,m s-1,2007-09-14 11:00:00,2023-10-30 11:00:00,0.0,324.0
GeorgeWx,George,George,53.883555,-124.710668,859,Wind Direction,°,2007-09-14 12:00:00,2024-09-18 11:00:00,WindDirection,96.2962962962963,GeorgeWx,degree,2007-09-14 11:00:00,2023-10-30 11:00:00,0.0,324.0
GeorgeWx,George,George,53.883555,-124.710668,859,Solar Radiation,W/m?,2007-09-14 12:00:00,2024-09-18 11:00:00,SolarRadiationWm,90.32258064516128,GeorgeWx,W m-2,2007-09-14 11:00:00,2023-10-30 11:00:00,0.0,324.0
GeorgeWx,George,George,53.883555,-124.710668,859,Wetness,%,2007-09-14 12:00:00,2024-09-18 11:00:00,Wetness,100.0,GeorgeWx,%,2007-09-14 11:00:00,2023-10-30 11:00:00,0.0,324.0
GeorgeWx,George,George,53.883555,-124.710668,859,Water Content,m?/m? 15 cm,2007-09-14 12:00:00,2024-09-18 11:00:00,,63.1578947368421,,,,,,
GeorgeWx,George,George,53.883555,-124.710668,859,WC_cal,m?/m?,2007-09-14 12:00:00,2024-09-18 11:00:00,,25.806451612903224,,,,,,
GeorgeWx,George,George,53.883555,-124.710668,859,Soil Temp,?C,2007-09-14 12:00:00,2024-09-18 11:00:00,Soil_Temp,88.88888888888889,GeorgeWx,celsius,2023-08-22 12:00:00,2023-10-30 11:00:00,-5821.0,324.0
GunnelWx,Gunnel1,Gunnel,58.75475,-123.977683,1460,Rain,mm,2018-08-15 13:00:00,2022-09-27 13:00:00,Rainmm,80.0,GunnelWx,mm,2008-09-04 15:00:00,2015-08-06 10:00:00,3631.0,2609.0
GunnelWx,Gunnel1,Gunnel,58.75475,-123.977683,1460,Pressure,mbar,2018-08-15 13:00:00,2022-09-27 13:00:00,Pressurembar,80.0,GunnelWx,millibar,2008-09-04 15:00:00,2015-08-06 10:00:00,3631.0,2609.0
GunnelWx,Gunnel1,Gunnel,58.75475,-123.977683,1460,Temp,°C,2018-08-15 13:00:00,2022-09-27 13:00:00,TempC,88.88888888888889,GunnelWx,celsius,2008-09-04 15:00:00,2015-08-06 10:00:00,3631.0,2609.0
GunnelWx,Gunnel1,Gunnel,58.75475,-123.977683,1460,RH,%,2018-08-15 13:00:00,2022-09-27 13:00:00,RH,100.0,GunnelWx,%,2008-09-04 15:00:00,2015-08-06 10:00:00,3631.0,2609.0
GunnelWx,Gunnel1,Gunnel,58.75475,-123.977683,1460,DewPt,°C,2018-08-15 13:00:00,2022-09-27 13:00:00,DewPtC,90.9090909090909,GunnelWx,celsius,2008-09-04 15:00:00,2015-08-06 10:00:00,3631.0,2609.0
GunnelWx,Gunnel1,Gunnel,58.75475,-123.977683,1460,Wind Speed,m/s,2018-08-15 13:00:00,2022-09-27 13:00:00,WindSpeedms,85.71428571428572,GunnelWx,m s-1,2008-09-04 15:00:00,2015-08-06 10:00:00,3631.0,2609.0
GunnelWx,Gunnel1,Gunnel,58.75475,-123.977683,1460,Gust Speed,m/s,2018-08-15 13:00:00,2022-09-27 13:00:00,GustSpeedms,85.71428571428572,GunnelWx,m s-1,2008-09-04 15:00:00,2015-08-06 10:00:00,3631.0,2609.0
GunnelWx,Gunnel1,Gunnel,58.75475,-123.977683,1460,Wind Direction,ø,2018-08-15 13:00:00,2022-09-27 13:00:00,WindDirection,96.2962962962963,GunnelWx,degree,2008-09-04 15:00:00,2015-08-06 10:00:00,3631.0,2609.0
GunnelWx,Gunnel1,Gunnel,58.75475,-123.977683,1460,Solar Radiation,W/m²,2018-08-15 13:00:00,2022-09-27 13:00:00,SolarRadiationWm,90.32258064516128,GunnelWx,W m-2,2008-09-04 15:00:00,2009-08-26 07:00:00,3631.0,4780.0
HourglassWx,"Hourglass ",Hourglass,55.21275,-120.771635,1131,Rain,mm,2012-05-23 17:00:00,2025-01-07 15:00:00,Rainmm,80.0,Hourglass,mm,2012-05-23 18:00:00,2024-01-05 16:00:00,-1.0,367.0
HourglassWx,"Hourglass ",Hourglass,55.21275,-120.771635,1131,Pressure,mbar,2012-05-23 17:00:00,2025-01-07 15:00:00,Pressurembar,80.0,Hourglass,millibar,2012-05-23 17:00:00,2024-01-05 16:00:00,0.0,367.0
HourglassWx,"Hourglass ",Hourglass,55.21275,-120.771635,1131,Temp,°C,2012-05-23 17:00:00,2025-01-07 15:00:00,TempC,88.88888888888889,Hourglass,celsius,2012-05-23 17:00:00,2024-01-05 16:00:00,0.0,367.0
HourglassWx,"Hourglass ",Hourglass,55.21275,-120.771635,1131,RH,%,2012-05-23 17:00:00,2025-01-07 15:00:00,RH,100.0,Hourglass,%,2012-05-23 17:00:00,2024-01-05 16:00:00,0.0,367.0
HourglassWx,"Hourglass ",Hourglass,55.21275,-120.771635,1131,DewPt,°C,2012-05-23 17:00:00,2025-01-07 15:00:00,DewPtC,90.9090909090909,Hourglass,celsius,2012-05-23 17:00:00,2024-01-05 16:00:00,0.0,367.0
HourglassWx,"Hourglass ",Hourglass,55.21275,-120.771635,1131,Wind Speed,m/s,2012-05-23 17:00:00,2025-01-07 15:00:00,WindSpeedms,85.71428571428572,Hourglass,m s-1,2012-05-23 17:00:00,2024-01-05 16:00:00,0.0,367.0
HourglassWx,"Hourglass ",Hourglass,55.21275,-120.771635,1131,Gust Speed,m/s,2012-05-23 17:00:00,2025-01-07 15:00:00,GustSpeedms,85.71428571428572,Hourglass,m s-1,2012-05-23 17:00:00,2024-01-05 16:00:00,0.0,367.0
HourglassWx,"Hourglass ",Hourglass,55.21275,-120.771635,1131,Wind Direction,ø,2012-05-23 17:00:00,2025-01-07 15:00:00,WindDirection,96.2962962962963,Hourglass,degree,2012-05-23 17:00:00,2024-01-05 16:00:00,0.0,367.0
HourglassWx,"Hourglass ",Hourglass,55.21275,-120.771635,1131,Solar Radiation,W/m²,2012-05-23 17:00:00,2025-01-07 15:00:00,SolarRadiationWm,90.32258064516128,Hourglass,W m-2,2012-05-23 17:00:00,2024-01-05 16:00:00,0.0,367.0
HourglassWx,"Hourglass ",Hourglass,55.21275,-120.771635,1131,Snow depth raw,cm,2012-05-23 17:00:00,2025-01-07 15:00:00,,66.66666666666667,,,,,,
HourglassWx,"Hourglass ",Hourglass,55.21275,-120.771635,1131,Snow depth,cm,2012-05-23 17:00:00,2025-01-07 15:00:00,Snow_Depth,80.0,Hourglass,cm,2016-10-27 12:00:00,2024-01-05 16:00:00,-1618.0,367.0
HourglassWx,"Hourglass ",Hourglass,55.21275,-120.771635,1131,Water Content,m³/m³ 15 cm,2012-05-23 17:00:00,2025-01-07 15:00:00,,63.1578947368421,,,,,,
HourglassWx,"Hourglass ",Hourglass,55.21275,-120.771635,1131,WC_cal,m³/m³,2012-05-23 17:00:00,2025-01-07 15:00:00,,25.806451612903224,,,,,,
HourglassWx,"Hourglass ",Hourglass,55.21275,-120.771635,1131,Soil Temp,°C,2012-05-23 17:00:00,2025-01-07 15:00:00,,57.14285714285714,,,,,,
Hudson Bay Mtn2,HBMtn2,HudsonBayMtn2,54.77375,-127.27216,1670,Rain,mm,2017-08-25 13:00:00,2025-01-09 06:00:00,Rainmm,80.0,Hudson Bay Mtn2,mm,2017-08-25 14:00:00,2025-01-09 06:00:00,-1.0,0.0
Hudson Bay Mtn2,HBMtn2,HudsonBayMtn2,54.77375,-127.27216,1670,Pressure,mbar,2017-08-25 13:00:00,2025-01-09 06:00:00,Pressurembar,80.0,Hudson Bay Mtn2,millibar,2017-08-25 13:00:00,2025-01-09 06:00:00,0.0,0.0
Hudson Bay Mtn2,HBMtn2,HudsonBayMtn2,54.77375,-127.27216,1670,Temp,?C,2017-08-25 13:00:00,2025-01-09 06:00:00,TempC,88.88888888888889,Hudson Bay Mtn2,celsius,2017-08-25 13:00:00,2025-01-09 06:00:00,0.0,0.0
Hudson Bay Mtn2,HBMtn2,HudsonBayMtn2,54.77375,-127.27216,1670,RH,%,2017-08-25 13:00:00,2025-01-09 06:00:00,RH,100.0,Hudson Bay Mtn2,%,2017-08-25 13:00:00,2025-01-09 06:00:00,0.0,0.0
Hudson Bay Mtn2,HBMtn2,HudsonBayMtn2,54.77375,-127.27216,1670,DewPt,?C,2017-08-25 13:00:00,2025-01-09 06:00:00,DewPtC,90.9090909090909,Hudson Bay Mtn2,celsius,2017-08-25 13:00:00,2025-01-09 06:00:00,0.0,0.0
Hudson Bay Mtn2,HBMtn2,HudsonBayMtn2,54.77375,-127.27216,1670,Wind Speed,m/s,2017-08-25 13:00:00,2025-01-09 06:00:00,WindSpeedms,85.71428571428572,Hudson Bay Mtn2,m s-1,2017-08-25 13:00:00,2025-01-09 06:00:00,0.0,0.0
Hudson Bay Mtn2,HBMtn2,HudsonBayMtn2,54.77375,-127.27216,1670,Gust Speed,m/s,2017-08-25 13:00:00,2025-01-09 06:00:00,GustSpeedms,85.71428571428572,Hudson Bay Mtn2,m s-1,2017-08-25 13:00:00,2025-01-09 06:00:00,0.0,0.0
Hudson Bay Mtn2,HBMtn2,HudsonBayMtn2,54.77375,-127.27216,1670,Wind Direction,°,2017-08-25 13:00:00,2025-01-09 06:00:00,WindDirection,96.2962962962963,Hudson Bay Mtn2,degree,2017-08-25 13:00:00,2025-01-09 06:00:00,0.0,0.0
Hudson Bay Mtn2,HBMtn2,HudsonBayMtn2,54.77375,-127.27216,1670,Solar Radiation,W/m?,2017-08-25 13:00:00,2025-01-09 06:00:00,SolarRadiationWm,90.32258064516128,Hudson Bay Mtn2,W m-2,2017-08-25 13:00:00,2025-01-09 06:00:00,0.0,0.0
IBB2Wx,IBB2,IBB2 Ganokwa Canyon,54.81127,-126.92067,967,Rain,mm,2024-07-25 13:00:00,2024-09-16 14:00:00,,,,,,,,
IBB2Wx,IBB2,IBB2 Ganokwa Canyon,54.81127,-126.92067,967,Pressure,mbar,2024-07-25 13:00:00,2024-09-16 14:00:00,,,,,,,,
IBB2Wx,IBB2,IBB2 Ganokwa Canyon,54.81127,-126.92067,967,Temp,°C,2024-07-25 13:00:00,2024-09-16 14:00:00,,,,,,,,
IBB2Wx,IBB2,IBB2 Ganokwa Canyon,54.81127,-126.92067,967,RH,%,2024-07-25 13:00:00,2024-09-16 14:00:00,,,,,,,,
IBB2Wx,IBB2,IBB2 Ganokwa Canyon,54.81127,-126.92067,967,DewPt,°C,2024-07-25 13:00:00,2024-09-16 14:00:00,,,,,,,,
IBB2Wx,IBB2,IBB2 Ganokwa Canyon,54.81127,-126.92067,967,Wind Speed,m/s,2024-07-25 13:00:00,2024-09-16 14:00:00,,,,,,,,
IBB2Wx,IBB2,IBB2 Ganokwa Canyon,54.81127,-126.92067,967,Gust Speed,m/s,2024-07-25 13:00:00,2024-09-16 14:00:00,,,,,,,,
IBB2Wx,IBB2,IBB2 Ganokwa Canyon,54.81127,-126.92067,967,Wind Direction,ø,2024-07-25 13:00:00,2024-09-16 14:00:00,,,,,,,,
IBB2Wx,IBB2,IBB2 Ganokwa Canyon,54.81127,-126.92067,967,Solar Radiation,W/m²,2024-07-25 13:00:00,2024-09-16 14:00:00,,,,,,,,
IBB2Wx,IBB2,IBB2 Ganokwa Canyon,54.81127,-126.92067,967,Wetness,%,2024-07-25 13:00:00,2024-09-16 14:00:00,,,,,,,,
IBB2Wx,IBB2,IBB2 Ganokwa Canyon,54.81127,-126.92067,967,Water Content,m³/m³ 15 cm,2024-07-25 13:00:00,2024-09-16 14:00:00,,,,,,,,
IBB2Wx,IBB2,IBB2 Ganokwa Canyon,54.81127,-126.92067,967,Soil Temp,°C,2024-07-25 13:00:00,2024-09-16 14:00:00,,,,,,,,
IBB3Wx,IBB3,IBB3 Pine Creek,54.71172,-127.30577,960,Rain,mm,2023-09-20 14:00:00,2024-09-16 11:00:00,,,,,,,,
IBB3Wx,IBB3,IBB3 Pine Creek,54.71172,-127.30577,960,Pressure,mbar,2023-09-20 14:00:00,2024-09-16 11:00:00,,,,,,,,
IBB3Wx,IBB3,IBB3 Pine Creek,54.71172,-127.30577,960,Temp,°C,2023-09-20 14:00:00,2024-09-16 11:00:00,,,,,,,,
IBB3Wx,IBB3,IBB3 Pine Creek,54.71172,-127.30577,960,RH,%,2023-09-20 14:00:00,2024-09-16 11:00:00,,,,,,,,
IBB3Wx,IBB3,IBB3 Pine Creek,54.71172,-127.30577,960,DewPt,°C,2023-09-20 14:00:00,2024-09-16 11:00:00,,,,,,,,
IBB3Wx,IBB3,IBB3 Pine Creek,54.71172,-127.30577,960,Wind Speed,m/s,2023-09-20 14:00:00,2024-09-16 11:00:00,,,,,,,,
IBB3Wx,IBB3,IBB3 Pine Creek,54.71172,-127.30577,960,Gust Speed,m/s,2023-09-20 14:00:00,2024-09-16 11:00:00,,,,,,,,
IBB3Wx,IBB3,IBB3 Pine Creek,54.71172,-127.30577,960,Wind Direction,ø,2023-09-20 14:00:00,2024-09-16 11:00:00,,,,,,,,
IBB3Wx,IBB3,IBB3 Pine Creek,54.71172,-127.30577,960,Solar Radiation,W/m²,2023-09-20 14:00:00,2024-09-16 11:00:00,,,,,,,,
IBB3Wx,IBB3,IBB3 Pine Creek,54.71172,-127.30577,960,Wetness,%,2023-09-20 14:00:00,2024-09-16 11:00:00,,,,,,,,
IBB3Wx,IBB3,IBB3 Pine Creek,54.71172,-127.30577,960,Water Content,m³/m³ 15 cm,2023-09-20 14:00:00,2024-09-16 11:00:00,,,,,,,,
IBB3Wx,IBB3,IBB3 Pine Creek,54.71172,-127.30577,960,Soil Temp,°C,2023-09-20 14:00:00,2024-09-16 11:00:00,,,,,,,,
Inklin,Inklin,Inklin,58.900859,-133.140416,101,Rain,mm,2023-06-15 16:00:00,2024-08-10 14:00:00,,,,,,,,
Inklin,Inklin,Inklin,58.900859,-133.140416,101,Pressure,mbar,2023-06-15 16:00:00,2024-08-10 14:00:00,,,,,,,,
Inklin,Inklin,Inklin,58.900859,-133.140416,101,Temp,?C,2023-06-15 16:00:00,2024-08-10 14:00:00,,,,,,,,
Inklin,Inklin,Inklin,58.900859,-133.140416,101,RH,%,2023-06-15 16:00:00,2024-08-10 14:00:00,,,,,,,,
Inklin,Inklin,Inklin,58.900859,-133.140416,101,DewPt,?C,2023-06-15 16:00:00,2024-08-10 14:00:00,,,,,,,,
Inklin,Inklin,Inklin,58.900859,-133.140416,101,Wind Speed,m/s,2023-06-15 16:00:00,2024-08-10 14:00:00,,,,,,,,
Inklin,Inklin,Inklin,58.900859,-133.140416,101,Gust Speed,m/s,2023-06-15 16:00:00,2024-08-10 14:00:00,,,,,,,,
Inklin,Inklin,Inklin,58.900859,-133.140416,101,Wind Direction,°,2023-06-15 16:00:00,2024-08-10 14:00:00,,,,,,,,
Inklin,Inklin,Inklin,58.900859,-133.140416,101,Solar Radiation,W/m?,2023-06-15 16:00:00,2024-08-10 14:00:00,,,,,,,,
Kluskus,SBSmc3Wx,Kluskus,53.397852,-124.513069,1110,Rain,mm,2010-07-15 17:00:00,2024-09-16 11:00:00,Rainmm,80.0,Kluskus,mm,2010-07-15 18:00:00,2023-10-12 10:00:00,-1.0,340.0
Kluskus,SBSmc3Wx,Kluskus,53.397852,-124.513069,1110,Pressure,mbar,2010-07-15 17:00:00,2024-09-16 11:00:00,Pressurembar,80.0,Kluskus,millibar,2010-07-15 17:00:00,2023-10-12 10:00:00,0.0,340.0
Kluskus,SBSmc3Wx,Kluskus,53.397852,-124.513069,1110,Temp,°C,2010-07-15 17:00:00,2024-09-16 11:00:00,TempC,88.88888888888889,Kluskus,celsius,2010-07-15 17:00:00,2023-10-12 10:00:00,0.0,340.0
Kluskus,SBSmc3Wx,Kluskus,53.397852,-124.513069,1110,RH,%,2010-07-15 17:00:00,2024-09-16 11:00:00,RH,100.0,Kluskus,%,2010-07-15 17:00:00,2023-10-12 10:00:00,0.0,340.0
Kluskus,SBSmc3Wx,Kluskus,53.397852,-124.513069,1110,DewPt,°C,2010-07-15 17:00:00,2024-09-16 11:00:00,DewPtC,90.9090909090909,Kluskus,celsius,2010-07-15 17:00:00,2023-10-12 10:00:00,0.0,340.0
Kluskus,SBSmc3Wx,Kluskus,53.397852,-124.513069,1110,Wind Speed,m/s,2010-07-15 17:00:00,2024-09-16 11:00:00,WindSpeedms,85.71428571428572,Kluskus,m s-1,2010-07-15 17:00:00,2023-10-12 10:00:00,0.0,340.0
Kluskus,SBSmc3Wx,Kluskus,53.397852,-124.513069,1110,Gust Speed,m/s,2010-07-15 17:00:00,2024-09-16 11:00:00,GustSpeedms,85.71428571428572,Kluskus,m s-1,2010-07-15 17:00:00,2023-10-12 10:00:00,0.0,340.0
Kluskus,SBSmc3Wx,Kluskus,53.397852,-124.513069,1110,Wind Direction,ø,2010-07-15 17:00:00,2024-09-16 11:00:00,WindDirection,96.2962962962963,Kluskus,degree,2010-07-15 17:00:00,2023-10-12 10:00:00,0.0,340.0
Kluskus,SBSmc3Wx,Kluskus,53.397852,-124.513069,1110,Solar Radiation,W/m²,2010-07-15 17:00:00,2024-09-16 11:00:00,SolarRadiationWm,90.32258064516128,Kluskus,W m-2,2010-07-15 17:00:00,2023-10-12 10:00:00,0.0,340.0
Kluskus,SBSmc3Wx,Kluskus,53.397852,-124.513069,1110,Water Content,m³/m³ 15 cm,2010-07-15 17:00:00,2024-09-16 11:00:00,,63.1578947368421,,,,,,
Kluskus,SBSmc3Wx,Kluskus,53.397852,-124.513069,1110,WC_cal,m³/m³,2010-07-15 17:00:00,2024-09-16 11:00:00,,25.806451612903224,,,,,,
Kluskus,SBSmc3Wx,Kluskus,53.397852,-124.513069,1110,Soil Temp,°C,2010-07-15 17:00:00,2024-09-16 11:00:00,,57.14285714285714,,,,,,
Kluskus,SBSmc3Wx,Kluskus,53.397852,-124.513069,1110,Temp 2,°C,2010-07-15 17:00:00,2024-09-16 11:00:00,,72.72727272727273,,,,,,
Kluskus,SBSmc3Wx,Kluskus,53.397852,-124.513069,1110,RH 2,%,2010-07-15 17:00:00,2024-09-16 11:00:00,,66.66666666666667,,,,,,
Kluskus,SBSmc3Wx,Kluskus,53.397852,-124.513069,1110,DewPt 2,°C,2010-07-15 17:00:00,2024-09-16 11:00:00,,76.92307692307692,,,,,,
MacJxnWx,Mackenzie Jxn,MacJxn,55.137858,-122.977243,719,Rain,mm,2010-04-28 14:00:00,2024-08-28 09:00:00,Rainmm,80.0,Mackenzie Jxn,mm,2010-04-28 14:00:00,2023-10-11 09:00:00,0.0,322.0
MacJxnWx,Mackenzie Jxn,MacJxn,55.137858,-122.977243,719,Pressure,mbar,2010-04-28 14:00:00,2024-08-28 09:00:00,Pressurembar,80.0,Mackenzie Jxn,millibar,2010-04-28 14:00:00,2023-10-11 09:00:00,0.0,322.0
MacJxnWx,Mackenzie Jxn,MacJxn,55.137858,-122.977243,719,Temp,°C,2010-04-28 14:00:00,2024-08-28 09:00:00,TempC,88.88888888888889,Mackenzie Jxn,celsius,2010-04-28 14:00:00,2023-10-11 09:00:00,0.0,322.0
MacJxnWx,Mackenzie Jxn,MacJxn,55.137858,-122.977243,719,RH,%,2010-04-28 14:00:00,2024-08-28 09:00:00,RH,100.0,Mackenzie Jxn,%,2010-04-28 14:00:00,2023-10-11 09:00:00,0.0,322.0
MacJxnWx,Mackenzie Jxn,MacJxn,55.137858,-122.977243,719,DewPt,°C,2010-04-28 14:00:00,2024-08-28 09:00:00,DewPtC,90.9090909090909,Mackenzie Jxn,celsius,2010-04-28 14:00:00,2023-10-11 09:00:00,0.0,322.0
MacJxnWx,Mackenzie Jxn,MacJxn,55.137858,-122.977243,719,Wind Speed,m/s,2010-04-28 14:00:00,2024-08-28 09:00:00,WindSpeedms,85.71428571428572,Mackenzie Jxn,m s-1,2010-04-28 14:00:00,2023-10-11 09:00:00,0.0,322.0
MacJxnWx,Mackenzie Jxn,MacJxn,55.137858,-122.977243,719,Gust Speed,m/s,2010-04-28 14:00:00,2024-08-28 09:00:00,GustSpeedms,85.71428571428572,Mackenzie Jxn,m s-1,2010-04-28 14:00:00,2023-10-11 09:00:00,0.0,322.0
MacJxnWx,Mackenzie Jxn,MacJxn,55.137858,-122.977243,719,Wind Direction,ø,2010-04-28 14:00:00,2024-08-28 09:00:00,WindDirection,96.2962962962963,Mackenzie Jxn,degree,2010-04-28 14:00:00,2023-10-11 09:00:00,0.0,322.0
MacJxnWx,Mackenzie Jxn,MacJxn,55.137858,-122.977243,719,Solar Radiation,W/m²,2010-04-28 14:00:00,2024-08-28 09:00:00,SolarRadiationWm,90.32258064516128,Mackenzie Jxn,W m-2,2010-04-28 14:00:00,2023-10-11 09:00:00,0.0,322.0
MacJxnWx,Mackenzie Jxn,MacJxn,55.137858,-122.977243,719,Wetness,%,2010-04-28 14:00:00,2024-08-28 09:00:00,Wetness,100.0,Mackenzie Jxn,%,2010-04-28 14:00:00,2023-10-11 09:00:00,0.0,322.0
MacJxnWx,Mackenzie Jxn,MacJxn,55.137858,-122.977243,719,Water Content,m³/m³ 15 cm,2010-04-28 14:00:00,2024-08-28 09:00:00,,63.1578947368421,,,,,,
MacJxnWx,Mackenzie Jxn,MacJxn,55.137858,-122.977243,719,WC_cal,m³/m³,2010-04-28 14:00:00,2024-08-28 09:00:00,,25.806451612903224,,,,,,
MiddleforkWx,MF1,Middlefork,57.550917,-122.7963,972,Rain,mm,2007-07-11 20:00:00,2024-08-14 12:00:00,Rainmm,80.0,MiddleforkWx,mm,2007-07-11 21:00:00,2023-11-01 12:00:00,-1.0,287.0
MiddleforkWx,MF1,Middlefork,57.550917,-122.7963,972,Pressure,mbar,2007-07-11 20:00:00,2024-08-14 12:00:00,Pressurembar,80.0,MiddleforkWx,millibar,2007-07-11 20:00:00,2023-11-01 12:00:00,0.0,287.0
MiddleforkWx,MF1,Middlefork,57.550917,-122.7963,972,Temp,°C,2007-07-11 20:00:00,2024-08-14 12:00:00,TempC,88.88888888888889,MiddleforkWx,celsius,2007-07-11 20:00:00,2023-11-01 12:00:00,0.0,287.0
MiddleforkWx,MF1,Middlefork,57.550917,-122.7963,972,RH,%,2007-07-11 20:00:00,2024-08-14 12:00:00,RH,100.0,MiddleforkWx,%,2007-07-11 20:00:00,2023-11-01 12:00:00,0.0,287.0
MiddleforkWx,MF1,Middlefork,57.550917,-122.7963,972,DewPt,°C,2007-07-11 20:00:00,2024-08-14 12:00:00,DewPtC,90.9090909090909,MiddleforkWx,celsius,2007-07-11 20:00:00,2023-11-01 12:00:00,0.0,287.0
MiddleforkWx,MF1,Middlefork,57.550917,-122.7963,972,Wind Speed,m/s,2007-07-11 20:00:00,2024-08-14 12:00:00,WindSpeedms,85.71428571428572,MiddleforkWx,m s-1,2007-07-11 20:00:00,2023-11-01 12:00:00,0.0,287.0
MiddleforkWx,MF1,Middlefork,57.550917,-122.7963,972,Gust Speed,m/s,2007-07-11 20:00:00,2024-08-14 12:00:00,GustSpeedms,85.71428571428572,MiddleforkWx,m s-1,2007-07-11 20:00:00,2023-11-01 12:00:00,0.0,287.0
MiddleforkWx,MF1,Middlefork,57.550917,-122.7963,972,Wind Direction,ø,2007-07-11 20:00:00,2024-08-14 12:00:00,WindDirection,96.2962962962963,MiddleforkWx,degree,2007-07-11 20:00:00,2023-11-01 12:00:00,0.0,287.0
MiddleforkWx,MF1,Middlefork,57.550917,-122.7963,972,Solar Radiation,W/m²,2007-07-11 20:00:00,2024-08-14 12:00:00,SolarRadiationWm,90.32258064516128,MiddleforkWx,W m-2,2007-07-11 20:00:00,2023-11-01 12:00:00,0.0,287.0
MiddleforkWx,MF1,Middlefork,57.550917,-122.7963,972,Water Content,m³/m³ 15 cm,2007-07-11 20:00:00,2024-08-14 12:00:00,,63.1578947368421,,,,,,
MiddleforkWx,MF1,Middlefork,57.550917,-122.7963,972,WC_cal,m³/m³,2007-07-11 20:00:00,2024-08-14 12:00:00,,25.806451612903224,,,,,,
NondaWx,Nonda1,NondaWx,59.002111,-125.509361,1683,Rain,mm,2007-07-12 16:00:00,2025-01-09 08:00:00,Rainmm,80.0,NondaWx,mm,2007-07-12 16:00:00,2024-01-08 10:00:00,0.0,366.0
NondaWx,Nonda1,NondaWx,59.002111,-125.509361,1683,Pressure,mbar,2007-07-12 16:00:00,2025-01-09 08:00:00,Pressurembar,80.0,NondaWx,millibar,2007-07-12 16:00:00,2024-01-08 10:00:00,0.0,366.0
NondaWx,Nonda1,NondaWx,59.002111,-125.509361,1683,Temp,°C,2007-07-12 16:00:00,2025-01-09 08:00:00,TempC,88.88888888888889,NondaWx,celsius,2007-07-12 16:00:00,2024-01-08 10:00:00,0.0,366.0
NondaWx,Nonda1,NondaWx,59.002111,-125.509361,1683,RH,%,2007-07-12 16:00:00,2025-01-09 08:00:00,RH,100.0,NondaWx,%,2007-07-12 16:00:00,2024-01-08 10:00:00,0.0,366.0
NondaWx,Nonda1,NondaWx,59.002111,-125.509361,1683,DewPt,°C,2007-07-12 16:00:00,2025-01-09 08:00:00,DewPtC,90.9090909090909,NondaWx,celsius,2007-07-12 16:00:00,2024-01-08 10:00:00,0.0,366.0
NondaWx,Nonda1,NondaWx,59.002111,-125.509361,1683,Wind Speed,m/s,2007-07-12 16:00:00,2025-01-09 08:00:00,WindSpeedms,85.71428571428572,NondaWx,m s-1,2007-07-12 16:00:00,2024-01-08 10:00:00,0.0,366.0
NondaWx,Nonda1,NondaWx,59.002111,-125.509361,1683,Gust Speed,m/s,2007-07-12 16:00:00,2025-01-09 08:00:00,GustSpeedms,85.71428571428572,NondaWx,m s-1,2007-07-12 16:00:00,2024-01-08 10:00:00,0.0,366.0
NondaWx,Nonda1,NondaWx,59.002111,-125.509361,1683,Wind Direction,ø,2007-07-12 16:00:00,2025-01-09 08:00:00,WindDirection,96.2962962962963,NondaWx,degree,2007-07-12 16:00:00,2024-01-08 10:00:00,0.0,366.0
NondaWx,Nonda1,NondaWx,59.002111,-125.509361,1683,Solar Radiation,W/m²,2007-07-12 16:00:00,2025-01-09 08:00:00,SolarRadiationWm,90.32258064516128,NondaWx,W m-2,2007-07-12 16:00:00,2024-01-08 10:00:00,0.0,366.0
NondaWx,Nonda1,NondaWx,59.002111,-125.509361,1683,Temp 2,°C,2007-07-12 16:00:00,2025-01-09 08:00:00,,72.72727272727273,,,,,,
NondaWx,Nonda1,NondaWx,59.002111,-125.509361,1683,RH 2,%,2007-07-12 16:00:00,2025-01-09 08:00:00,,66.66666666666667,,,,,,
NondaWx,Nonda1,NondaWx,59.002111,-125.509361,1683,DewPt 2,°C,2007-07-12 16:00:00,2025-01-09 08:00:00,,76.92307692307692,,,,,,
PinkWx,Pink1,PinkMtnWx,57.06163,-122.86491,1756,Rain,mm,2008-09-08 16:00:00,2025-01-09 08:00:00,Rainmm,80.0,PinkWx,mm,2008-09-08 16:00:00,2024-01-08 10:00:00,0.0,366.0
PinkWx,Pink1,PinkMtnWx,57.06163,-122.86491,1756,Pressure,mbar,2008-09-08 16:00:00,2025-01-09 08:00:00,Pressurembar,80.0,PinkWx,millibar,2008-09-08 16:00:00,2024-01-08 10:00:00,0.0,366.0
PinkWx,Pink1,PinkMtnWx,57.06163,-122.86491,1756,Temp,°C,2008-09-08 16:00:00,2025-01-09 08:00:00,TempC,88.88888888888889,PinkWx,celsius,2008-09-08 16:00:00,2024-01-08 10:00:00,0.0,366.0
PinkWx,Pink1,PinkMtnWx,57.06163,-122.86491,1756,RH,%,2008-09-08 16:00:00,2025-01-09 08:00:00,RH,100.0,PinkWx,%,2008-09-08 16:00:00,2024-01-08 10:00:00,0.0,366.0
PinkWx,Pink1,PinkMtnWx,57.06163,-122.86491,1756,DewPt,°C,2008-09-08 16:00:00,2025-01-09 08:00:00,DewPtC,90.9090909090909,PinkWx,celsius,2008-09-08 16:00:00,2024-01-08 10:00:00,0.0,366.0
PinkWx,Pink1,PinkMtnWx,57.06163,-122.86491,1756,Wind Speed,m/s,2008-09-08 16:00:00,2025-01-09 08:00:00,WindSpeedms,85.71428571428572,PinkWx,m s-1,2008-09-08 16:00:00,2024-01-08 10:00:00,0.0,366.0
PinkWx,Pink1,PinkMtnWx,57.06163,-122.86491,1756,Gust Speed,m/s,2008-09-08 16:00:00,2025-01-09 08:00:00,GustSpeedms,85.71428571428572,PinkWx,m s-1,2008-09-08 16:00:00,2024-01-08 10:00:00,0.0,366.0
PinkWx,Pink1,PinkMtnWx,57.06163,-122.86491,1756,Wind Direction,ø,2008-09-08 16:00:00,2025-01-09 08:00:00,WindDirection,96.2962962962963,PinkWx,degree,2008-09-08 16:00:00,2024-01-08 10:00:00,0.0,366.0
PinkWx,Pink1,PinkMtnWx,57.06163,-122.86491,1756,Solar Radiation,W/m²,2008-09-08 16:00:00,2025-01-09 08:00:00,SolarRadiationWm,90.32258064516128,PinkWx,W m-2,2008-09-08 16:00:00,2024-01-08 10:00:00,0.0,366.0
PinkWx,Pink1,PinkMtnWx,57.06163,-122.86491,1756,Temp 2,°C,2008-09-08 16:00:00,2025-01-09 08:00:00,,72.72727272727273,,,,,,
PinkWx,Pink1,PinkMtnWx,57.06163,-122.86491,1756,RH 2,%,2008-09-08 16:00:00,2025-01-09 08:00:00,,66.66666666666667,,,,,,
PinkWx,Pink1,PinkMtnWx,57.06163,-122.86491,1756,DewPt 2,°C,2008-09-08 16:00:00,2025-01-09 08:00:00,,76.92307692307692,,,,,,
PinkWx,Pink1,PinkMtnWx,57.06163,-122.86491,1756,Rain raw,mm,2008-09-08 16:00:00,2025-01-09 08:00:00,,57.14285714285714,,,,,,
SaxtonWx,Saxton,SaxtonLakeWx,54.027523,-123.300774,718,Rain,mm,2007-07-04 10:00:00,2024-10-09 08:00:00,Rainmm,80.0,SaxtonWx,mm,2007-07-04 10:00:00,2023-10-05 11:00:00,0.0,369.0
SaxtonWx,Saxton,SaxtonLakeWx,54.027523,-123.300774,718,Pressure,mbar,2007-07-04 10:00:00,2024-10-09 08:00:00,Pressurembar,80.0,SaxtonWx,millibar,2007-07-04 10:00:00,2023-10-05 11:00:00,0.0,369.0
SaxtonWx,Saxton,SaxtonLakeWx,54.027523,-123.300774,718,Temp,?C,2007-07-04 10:00:00,2024-10-09 08:00:00,TempC,88.88888888888889,SaxtonWx,celsius,2007-07-04 10:00:00,2023-10-05 11:00:00,0.0,369.0
SaxtonWx,Saxton,SaxtonLakeWx,54.027523,-123.300774,718,RH,%,2007-07-04 10:00:00,2024-10-09 08:00:00,RH,100.0,SaxtonWx,%,2007-07-04 10:00:00,2023-10-05 11:00:00,0.0,369.0
SaxtonWx,Saxton,SaxtonLakeWx,54.027523,-123.300774,718,DewPt,?C,2007-07-04 10:00:00,2024-10-09 08:00:00,DewPtC,90.9090909090909,SaxtonWx,celsius,2007-07-04 10:00:00,2023-10-05 11:00:00,0.0,369.0
SaxtonWx,Saxton,SaxtonLakeWx,54.027523,-123.300774,718,Wind Speed,m/s,2007-07-04 10:00:00,2024-10-09 08:00:00,WindSpeedms,85.71428571428572,SaxtonWx,m s-1,2007-07-04 10:00:00,2023-10-05 11:00:00,0.0,369.0
SaxtonWx,Saxton,SaxtonLakeWx,54.027523,-123.300774,718,Gust Speed,m/s,2007-07-04 10:00:00,2024-10-09 08:00:00,GustSpeedms,85.71428571428572,SaxtonWx,m s-1,2007-07-04 10:00:00,2023-10-05 11:00:00,0.0,369.0
SaxtonWx,Saxton,SaxtonLakeWx,54.027523,-123.300774,718,Wind Direction,?,2007-07-04 10:00:00,2024-10-09 08:00:00,WindDirection,96.2962962962963,SaxtonWx,degree,2007-07-04 10:00:00,2023-10-05 11:00:00,0.0,369.0
SaxtonWx,Saxton,SaxtonLakeWx,54.027523,-123.300774,718,Solar Radiation,W/m?,2007-07-04 10:00:00,2024-10-09 08:00:00,SolarRadiationWm,90.32258064516128,SaxtonWx,W m-2,2007-07-04 10:00:00,2023-10-05 11:00:00,0.0,369.0
SaxtonWx,Saxton,SaxtonLakeWx,54.027523,-123.300774,718,Water Content,m?/m? 15 cm,2007-07-04 10:00:00,2024-10-09 08:00:00,,64.86486486486487,,,,,,
SaxtonWx,Saxton,SaxtonLakeWx,54.027523,-123.300774,718,WC_cal,m?/m?,2007-07-04 10:00:00,2024-10-09 08:00:00,,26.66666666666667,,,,,,
SaxtonWx,Saxton,SaxtonLakeWx,54.027523,-123.300774,718,Water Content,m?/m? 5 cm,2007-07-04 10:00:00,2024-10-09 08:00:00,,64.86486486486487,,,,,,
SaxtonWx,Saxton,SaxtonLakeWx,54.027523,-123.300774,718,Temp 2,?C,2007-07-04 10:00:00,2024-10-09 08:00:00,,72.72727272727273,,,,,,
SaxtonWx,Saxton,SaxtonLakeWx,54.027523,-123.300774,718,RH 2,%,2007-07-04 10:00:00,2024-10-09 08:00:00,,66.66666666666667,,,,,,
SaxtonWx,Saxton,SaxtonLakeWx,54.027523,-123.300774,718,DewPt 2,?C,2007-07-04 10:00:00,2024-10-09 08:00:00,,76.92307692307692,,,,,,
SeebachWx,Seebach,Seebach,54.355,122.058,780,Rain,mm,2023-07-13 12:00:00,2024-09-26 10:11:00,,,,,,,,
SeebachWx,Seebach,Seebach,54.355,122.058,780,Pressure,mbar,2023-07-13 12:00:00,2024-09-26 10:11:00,,,,,,,,
SeebachWx,Seebach,Seebach,54.355,122.058,780,Temp,°C,2023-07-13 12:00:00,2024-09-26 10:11:00,,,,,,,,
SeebachWx,Seebach,Seebach,54.355,122.058,780,RH,%,2023-07-13 12:00:00,2024-09-26 10:11:00,,,,,,,,
SeebachWx,Seebach,Seebach,54.355,122.058,780,DewPt,°C,2023-07-13 12:00:00,2024-09-26 10:11:00,,,,,,,,
SeebachWx,Seebach,Seebach,54.355,122.058,780,Wind Speed,m/s,2023-07-13 12:00:00,2024-09-26 10:11:00,,,,,,,,
SeebachWx,Seebach,Seebach,54.355,122.058,780,Gust Speed,m/s,2023-07-13 12:00:00,2024-09-26 10:11:00,,,,,,,,
SeebachWx,Seebach,Seebach,54.355,122.058,780,Wind Direction,ø,2023-07-13 12:00:00,2024-09-26 10:11:00,,,,,,,,
SeebachWx,Seebach,Seebach,54.355,122.058,780,Solar Radiation,W/m²,2023-07-13 12:00:00,2024-09-26 10:11:00,,,,,,,,
SeebachWx,Seebach,Seebach,54.355,122.058,780,Wetness,%,2023-07-13 12:00:00,2024-09-26 10:11:00,,,,,,,,
SeebachWx,Seebach,Seebach,54.355,122.058,780,Water Content,m³/m³ 15 cm,2023-07-13 12:00:00,2024-09-26 10:11:00,,,,,,,,
SeebachWx,Seebach,Seebach,54.355,122.058,780,Soil Temp,°C,2023-07-13 12:00:00,2024-09-26 10:11:00,,,,,,,,
Sunbeam,Mcbride Mountain Stn,Sunbeam,53.33869,-120.12108,2000,Rain,mm,2009-09-09 16:00:00,2025-01-09 08:00:00,Rainmm,80.0,Sunbeam,mm,2009-09-09 17:00:00,2024-01-08 12:00:00,-1.0,366.0
Sunbeam,Mcbride Mountain Stn,Sunbeam,53.33869,-120.12108,2000,Pressure,mbar,2009-09-09 16:00:00,2025-01-09 08:00:00,Pressurembar,80.0,Sunbeam,millibar,2009-09-09 16:00:00,2024-01-08 12:00:00,0.0,366.0
Sunbeam,Mcbride Mountain Stn,Sunbeam,53.33869,-120.12108,2000,Temp,°C,2009-09-09 16:00:00,2025-01-09 08:00:00,TempC,88.88888888888889,Sunbeam,celsius,2009-09-09 16:00:00,2024-01-08 12:00:00,0.0,366.0
Sunbeam,Mcbride Mountain Stn,Sunbeam,53.33869,-120.12108,2000,RH,%,2009-09-09 16:00:00,2025-01-09 08:00:00,RH,100.0,Sunbeam,%,2009-09-09 16:00:00,2024-01-08 12:00:00,0.0,366.0
Sunbeam,Mcbride Mountain Stn,Sunbeam,53.33869,-120.12108,2000,DewPt,°C,2009-09-09 16:00:00,2025-01-09 08:00:00,DewPtC,90.9090909090909,Sunbeam,celsius,2012-08-17 12:00:00,2024-01-08 12:00:00,-1073.0,366.0
Sunbeam,Mcbride Mountain Stn,Sunbeam,53.33869,-120.12108,2000,Wind Speed,m/s,2009-09-09 16:00:00,2025-01-09 08:00:00,WindSpeedms,85.71428571428572,Sunbeam,m s-1,2009-09-09 16:00:00,2024-01-08 12:00:00,0.0,366.0
Sunbeam,Mcbride Mountain Stn,Sunbeam,53.33869,-120.12108,2000,Gust Speed,m/s,2009-09-09 16:00:00,2025-01-09 08:00:00,GustSpeedms,85.71428571428572,Sunbeam,m s-1,2009-09-09 16:00:00,2024-01-08 12:00:00,0.0,366.0
Sunbeam,Mcbride Mountain Stn,Sunbeam,53.33869,-120.12108,2000,Wind Direction,ø,2009-09-09 16:00:00,2025-01-09 08:00:00,WindDirection,96.2962962962963,Sunbeam,degree,2009-09-09 16:00:00,2024-01-08 12:00:00,0.0,366.0
Sunbeam,Mcbride Mountain Stn,Sunbeam,53.33869,-120.12108,2000,Solar Radiation,W/m²,2009-09-09 16:00:00,2025-01-09 08:00:00,SolarRadiationWm,90.32258064516128,Sunbeam,W m-2,2009-09-09 16:00:00,2024-01-08 12:00:00,0.0,366.0
Sunbeam,Mcbride Mountain Stn,Sunbeam,53.33869,-120.12108,2000,Snow depth raw,cm,2009-09-09 16:00:00,2025-01-09 08:00:00,,29.629629629629626,,,,,,
Sunbeam,Mcbride Mountain Stn,Sunbeam,53.33869,-120.12108,2000,Snow depth,cm,2009-09-09 16:00:00,2025-01-09 08:00:00,,34.78260869565217,,,,,,
Sunbeam,Mcbride Mountain Stn,Sunbeam,53.33869,-120.12108,2000,Temp 2,°C,2009-09-09 16:00:00,2025-01-09 08:00:00,,72.72727272727273,,,,,,
Sunbeam,Mcbride Mountain Stn,Sunbeam,53.33869,-120.12108,2000,RH 2,%,2009-09-09 16:00:00,2025-01-09 08:00:00,,66.66666666666667,,,,,,
Sunbeam,Mcbride Mountain Stn,Sunbeam,53.33869,-120.12108,2000,DewPt 2,°C,2009-09-09 16:00:00,2025-01-09 08:00:00,,76.92307692307692,,,,,,
Tamarac,Bednesti,Tamarac,53.871334,-123.370441,865,Rain,mm,2021-07-21 15:00:00,2024-10-10 12:00:00,Rainmm,80.0,BednestiWx,mm,2021-07-29 14:00:00,2023-10-04 11:00:00,-8.0,372.0
Tamarac,Bednesti,Tamarac,53.871334,-123.370441,865,Temp,°C,2021-07-21 15:00:00,2024-10-10 12:00:00,TempC,88.88888888888889,BednestiWx,celsius,2021-07-29 13:00:00,2023-10-04 11:00:00,-8.0,372.0
Tamarac,Bednesti,Tamarac,53.871334,-123.370441,865,RH,%,2021-07-21 15:00:00,2024-10-10 12:00:00,RH,100.0,BednestiWx,%,2021-07-29 13:00:00,2023-10-04 11:00:00,-8.0,372.0
Tamarac,Bednesti,Tamarac,53.871334,-123.370441,865,DewPt,°C,2021-07-21 15:00:00,2024-10-10 12:00:00,DewPtC,90.9090909090909,BednestiWx,celsius,2021-07-29 13:00:00,2023-10-04 11:00:00,-8.0,372.0
Tamarac,Bednesti,Tamarac,53.871334,-123.370441,865,Wind Speed,m/s,2021-07-21 15:00:00,2024-10-10 12:00:00,WindSpeedms,85.71428571428572,BednestiWx,m s-1,2021-07-29 13:00:00,2023-10-04 11:00:00,-8.0,372.0
Tamarac,Bednesti,Tamarac,53.871334,-123.370441,865,Gust Speed,m/s,2021-07-21 15:00:00,2024-10-10 12:00:00,GustSpeedms,85.71428571428572,BednestiWx,m s-1,2021-07-29 13:00:00,2023-10-04 12:00:00,-8.0,372.0
Tamarac,Bednesti,Tamarac,53.871334,-123.370441,865,Water Content,m³/m³ 15 cm,2021-07-21 15:00:00,2024-10-10 12:00:00,,64.86486486486487,,,,,,
Tamarac,Bednesti,Tamarac,53.871334,-123.370441,865,WC_cal,m³/m³,2021-07-21 15:00:00,2024-10-10 12:00:00,,26.66666666666667,,,,,,
Tamarac,Bednesti,Tamarac,53.871334,-123.370441,865,Soil Temp,°C,2021-07-21 15:00:00,2024-10-10 12:00:00,Soil_Temp,88.88888888888889,BednestiWx,celsius,2021-07-21 15:00:00,2023-10-04 11:00:00,0.0,372.0
Tamarac,Bednesti,Tamarac,53.871334,-123.370441,865,Water Content,m³/m³ 5 cm,2021-07-21 15:00:00,2024-10-10 12:00:00,,64.86486486486487,,,,,,
Tamarac,Bednesti,Tamarac,53.871334,-123.370441,865,Water Content,m³/m³ 30 cm,2021-07-21 15:00:00,2024-10-10 12:00:00,,64.86486486486487,,,,,,
ThompsonWx,Thompson,Thompson,54.333115,-126.099445,869,Rain,mm,2007-09-12 17:00:00,2024-09-24 10:00:00,Rainmm,80.0,ThompsonWx,mm,2007-09-12 16:00:00,2023-09-13 11:00:00,0.0,376.0
ThompsonWx,Thompson,Thompson,54.333115,-126.099445,869,Pressure,mbar,2007-09-12 17:00:00,2024-09-24 10:00:00,Pressurembar,80.0,ThompsonWx,millibar,2007-09-12 16:00:00,2023-09-13 11:00:00,0.0,376.0
ThompsonWx,Thompson,Thompson,54.333115,-126.099445,869,Temp,?C,2007-09-12 17:00:00,2024-09-24 10:00:00,TempC,88.88888888888889,ThompsonWx,celsius,2007-09-12 16:00:00,2023-09-13 11:00:00,0.0,376.0
ThompsonWx,Thompson,Thompson,54.333115,-126.099445,869,RH,%,2007-09-12 17:00:00,2024-09-24 10:00:00,RH,100.0,ThompsonWx,%,2007-09-12 16:00:00,2023-09-13 11:00:00,0.0,376.0
ThompsonWx,Thompson,Thompson,54.333115,-126.099445,869,DewPt,?C,2007-09-12 17:00:00,2024-09-24 10:00:00,DewPtC,90.9090909090909,ThompsonWx,celsius,2007-09-12 16:00:00,2023-09-13 11:00:00,0.0,376.0
ThompsonWx,Thompson,Thompson,54.333115,-126.099445,869,Wind Speed,m/s,2007-09-12 17:00:00,2024-09-24 10:00:00,WindSpeedms,85.71428571428572,ThompsonWx,m s-1,2007-09-12 16:00:00,2023-09-13 11:00:00,0.0,376.0
ThompsonWx,Thompson,Thompson,54.333115,-126.099445,869,Gust Speed,m/s,2007-09-12 17:00:00,2024-09-24 10:00:00,GustSpeedms,85.71428571428572,ThompsonWx,m s-1,2007-09-12 16:00:00,2023-09-13 11:00:00,0.0,376.0
ThompsonWx,Thompson,Thompson,54.333115,-126.099445,869,Wind Direction,°,2007-09-12 17:00:00,2024-09-24 10:00:00,WindDirection,96.2962962962963,ThompsonWx,degree,2007-09-12 16:00:00,2023-09-13 11:00:00,0.0,376.0
ThompsonWx,Thompson,Thompson,54.333115,-126.099445,869,Solar Radiation,W/m?,2007-09-12 17:00:00,2024-09-24 10:00:00,SolarRadiationWm,90.32258064516128,ThompsonWx,W m-2,2007-09-12 16:00:00,2023-09-13 11:00:00,0.0,376.0
ThompsonWx,Thompson,Thompson,54.333115,-126.099445,869,Wetness,%,2007-09-12 17:00:00,2024-09-24 10:00:00,Wetness,100.0,ThompsonWx,%,2007-09-12 16:00:00,2023-09-13 11:00:00,0.0,376.0
ThompsonWx,Thompson,Thompson,54.333115,-126.099445,869,Water Content,m?/m? 15 cm,2007-09-12 17:00:00,2024-09-24 10:00:00,,63.1578947368421,,,,,,
ThompsonWx,Thompson,Thompson,54.333115,-126.099445,869,WC_cal,m?/m?,2007-09-12 17:00:00,2024-09-24 10:00:00,,25.806451612903224,,,,,,
ThompsonWx,Thompson,Thompson,54.333115,-126.099445,869,Soil Temp,?C,2007-09-12 17:00:00,2024-09-24 10:00:00,Soil_Temp,88.88888888888889,ThompsonWx,celsius,2023-06-23 13:00:00,2023-09-13 11:00:00,-5763.0,376.0
Willow-BowronWx,PGTIS2,WillowBowron PGTIS 2,53.772577,-122.724634,596,Rain,mm,2007-07-31 15:00:00,2024-10-24 09:00:00,Rainmm,80.0,Willow-BowronWx,mm,2007-07-31 15:00:00,2023-10-17 09:00:00,0.0,373.0
Willow-BowronWx,PGTIS2,WillowBowron PGTIS 2,53.772577,-122.724634,596,Pressure,mbar,2007-07-31 15:00:00,2024-10-24 09:00:00,Pressurembar,80.0,Willow-BowronWx,millibar,2007-07-31 15:00:00,2023-10-17 09:00:00,0.0,373.0
Willow-BowronWx,PGTIS2,WillowBowron PGTIS 2,53.772577,-122.724634,596,Temp,°C,2007-07-31 15:00:00,2024-10-24 09:00:00,TempC,88.88888888888889,Willow-BowronWx,celsius,2007-07-31 15:00:00,2023-10-17 09:00:00,0.0,373.0
Willow-BowronWx,PGTIS2,WillowBowron PGTIS 2,53.772577,-122.724634,596,RH,%,2007-07-31 15:00:00,2024-10-24 09:00:00,RH,100.0,Willow-BowronWx,%,2007-07-31 15:00:00,2023-10-17 09:00:00,0.0,373.0
Willow-BowronWx,PGTIS2,WillowBowron PGTIS 2,53.772577,-122.724634,596,DewPt,°C,2007-07-31 15:00:00,2024-10-24 09:00:00,DewPtC,90.9090909090909,Willow-BowronWx,celsius,2007-07-31 15:00:00,2023-10-17 09:00:00,0.0,373.0
Willow-BowronWx,PGTIS2,WillowBowron PGTIS 2,53.772577,-122.724634,596,Wind Speed,m/s,2007-07-31 15:00:00,2024-10-24 09:00:00,WindSpeedms,85.71428571428572,Willow-BowronWx,m s-1,2007-07-31 15:00:00,2023-10-17 09:00:00,0.0,373.0
Willow-BowronWx,PGTIS2,WillowBowron PGTIS 2,53.772577,-122.724634,596,Gust Speed,m/s,2007-07-31 15:00:00,2024-10-24 09:00:00,GustSpeedms,85.71428571428572,Willow-BowronWx,m s-1,2007-07-31 15:00:00,2023-10-17 09:00:00,0.0,373.0
Willow-BowronWx,PGTIS2,WillowBowron PGTIS 2,53.772577,-122.724634,596,Wind Direction,ø,2007-07-31 15:00:00,2024-10-24 09:00:00,WindDirection,96.2962962962963,Willow-BowronWx,degree,2007-07-31 15:00:00,2023-10-17 09:00:00,0.0,373.0
Willow-BowronWx,PGTIS2,WillowBowron PGTIS 2,53.772577,-122.724634,596,Solar Radiation,W/m²,2007-07-31 15:00:00,2024-10-24 09:00:00,SolarRadiationWm,90.32258064516128,Willow-BowronWx,W m-2,2007-07-31 15:00:00,2023-10-17 09:00:00,0.0,373.0
Willow-BowronWx,PGTIS2,WillowBowron PGTIS 2,53.772577,-122.724634,596,Wetness,%,2007-07-31 15:00:00,2024-10-24 09:00:00,Wetness,100.0,Willow-BowronWx,%,2008-06-12 13:00:00,2023-10-17 09:00:00,-317.0,373.0
