station_id,native_id,min_obs_time,max_obs_time,history_id,station_name,lon,lat,elev,sdate,edate,tz_offset,freq
2654,11091,2001-01-22 13:00:00,2011-04-06 11:00:00,3397,Brandywine,-123.11806,50.05417,496.0,,,,1-hourly
2655,11092,2009-06-25 16:00:00,2011-04-06 11:00:00,3398,Tantalus,-123.14339,49.84347,320.0,,,,1-hourly
2657,11121,1993-12-22 16:00:00,2011-04-05 15:00:00,3400,Mt. Strachan Precip,-123.19144,49.40431,1220.0,,,,1-hourly
2658,11122,1984-01-01 02:00:00,2011-04-05 15:00:00,3401,Mt. Strachan,-123.19636,49.41003,1420.0,,,,1-hourly
2659,11123,1984-01-01 02:00:00,1998-04-08 13:00:00,3402,Mt. Harvey Raws,-123.18961,49.47889,1460.0,,,,1-hourly
2660,11124,1983-11-24 22:00:00,1998-10-14 15:00:00,3403,Alberta Creek  Raws,-123.22415,49.46517,670.0,,,,1-hourly
2661,11125,1983-11-29 13:00:00,2011-04-05 15:00:00,3404,Deeks Peak,-123.21833,49.53414,1280.0,,,,1-hourly
2662,11191,2009-06-22 08:00:00,2011-04-06 11:00:00,3405,Eagle Ridge,-123.26969,49.37186,140.0,,,,1-hourly
2667,15092,2005-09-28 21:00:00,2011-04-06 11:00:00,3410,Bradner Road,-122.42528,49.07556,110.0,,,,1-hourly
2668,15093,2002-08-19 15:00:00,2011-04-06 11:00:00,3411,Nicolum Creek,-121.35611,49.36306,244.0,,,,1-hourly
2671,15122,2007-07-12 10:00:00,2011-04-06 11:00:00,3414,Hells Gate Roadside,-121.41803,49.75703,280.0,,,,1-hourly
2672,15123,1977-01-04 08:00:00,2011-04-05 15:00:00,3415,Hells Gate,-121.42852,49.79229,1005.0,,,,1-hourly
2673,15124,1996-12-31 14:00:00,2011-04-06 11:00:00,3416,Jackass,-121.5475,50.07611,350.0,,,,1-hourly
2676,15321,1988-10-26 09:00:00,2011-04-05 15:00:00,3419,Foundation Mines,-121.08417,49.23,1650.0,,,,1-hourly
2677,15322,1991-12-09 11:00:00,2003-10-25 07:00:00,3420,Allison Pass Remote Raws,-120.87,49.11528,1340.0,,,,1-hourly
2678,15392,2003-01-02 17:00:00,2011-04-06 14:00:00,3421,Allison Pass,-120.86744,49.11564,1340.0,,,,1-hourly
2680,21091,2002-02-14 15:00:00,2011-04-06 14:00:00,3423,Walloper,-120.47833,50.52861,1300.0,,,,1-hourly
2682,21123,1999-10-29 07:00:00,2011-04-06 14:00:00,3425,Barriere,-120.13582,51.11271,390.0,,,,1-hourly
2687,22096,1999-05-25 13:00:00,2011-04-06 14:00:00,3430,Malakwa,-118.78861,50.93417,335.0,,,,1-hourly
2689,22123,1997-10-02 00:00:00,2011-04-06 14:00:00,3432,Squilax,-119.57111,50.87278,366.0,,,,1-hourly
2690,23097,1998-12-30 08:00:00,2011-04-06 14:00:00,3433,Kalamalka Lookout,-119.30607,50.2112,570.0,,,,1-hourly
2696,24126,1997-11-17 14:00:00,2011-04-05 15:00:00,3439,Apex Roadside,-119.9008,49.39693,1750.0,,,,1-hourly
2698,24225,1997-11-05 07:00:00,2011-04-06 14:00:00,3441,Red Bluffs,-120.62431,49.47619,830.0,,,,1-hourly
2702,25092,1998-11-10 08:00:00,2011-04-06 14:00:00,3445,Helmer Lake,-120.63661,50.32083,1385.0,,,,1-hourly
2703,25093,2000-10-05 17:00:00,2011-04-06 14:00:00,3446,Larson Hill,-120.935,49.83111,1060.0,,,,1-hourly
2710,25221,1995-10-20 10:00:00,2011-04-05 15:00:00,3453,Coquihalla Summit,-121.09948,49.5941,1230.0,,,,1-hourly
2711,25223,1986-06-05 00:00:00,1994-04-28 12:00:00,3454,Portia Raws,-121.22833,49.52222,1430.0,,,,1-hourly
2712,25225,1985-12-18 17:40:00,2011-04-05 16:00:00,3455,Great Bear,-121.17805,49.59582,1710.0,,,,1-hourly
2713,25226,1985-12-23 08:00:00,1994-04-28 13:00:00,3456,Nak Mid,-121.09083,49.60083,1700.0,,,,1-hourly
2714,25227,1986-06-05 00:00:00,1997-05-13 10:00:00,3457,Nak Peak,-121.0925,49.6075,2030.0,,,,1-hourly
2715,25229,1989-01-19 19:00:00,2011-04-05 16:00:00,3458,Little Bear,-121.17801,49.59924,1660.0,,,,1-hourly
2722,26123,1997-10-02 00:00:00,2011-04-05 16:00:00,3465,Carpenter Lake,-122.44533,50.84153,660.0,,,,1-hourly
2731,26221,1988-01-07 15:00:00,2011-04-05 16:00:00,3474,Blowdown Peak,-122.25556,50.40694,2320.0,,,,1-hourly
2732,26222,1988-01-07 17:00:00,2011-04-05 16:00:00,3475,Blowdown Mid,-122.26472,50.40222,1890.0,,,,1-hourly
2733,26224,1997-09-29 22:00:00,2011-04-05 16:00:00,3476,Cayoosh Summit,-122.47403,50.37978,1250.0,,,,1-hourly
2734,26501,2010-09-15 15:00:00,2011-04-05 16:00:00,3477,Fountain Slide,-121.86167,50.74,378.0,,,,1-hourly
2737,28093,2001-06-04 22:00:00,2011-04-06 14:00:00,3480,Begbie Summit,-121.37083,51.47611,1127.0,,,,1-hourly
2739,29092,1998-11-10 16:00:00,2011-04-06 14:00:00,3482,Pennask Summit,-120.01336,49.90672,1700.0,,,,1-hourly
2742,31091,2001-11-01 18:00:00,2011-04-06 14:00:00,3485,Hall Creek,-117.2425,49.37333,860.0,,,,1-hourly
2746,31321,2001-09-06 10:00:00,2011-04-05 16:00:00,3489,Southridge,-117.16111,49.41778,1990.0,,,,1-hourly
2751,32221,1999-10-21 14:00:00,2011-04-06 14:00:00,3494,Strawberry Pass,-117.89664,49.20444,1600.0,,,,1-hourly
2760,33093,2000-10-06 19:00:00,2011-04-06 14:00:00,3503,Anarchist Summit,-119.31361,49.00556,1097.0,,,,1-hourly
2761,33099,2001-11-20 21:00:00,2011-04-06 13:00:00,3504,McCulloch,-119.12639,49.75778,1200.0,,,,1-hourly
2763,33121,1993-11-16 16:00:00,2011-04-05 16:00:00,3506,Blueberry,-118.10936,49.15997,1570.0,,,,1-hourly
2764,33122,1997-10-28 07:00:00,2011-04-06 15:00:00,3507,Paulson Summit,-118.05205,49.24368,1535.0,,,,1-hourly
2771,34126,1999-11-17 08:00:00,2011-04-06 14:00:00,3514,Fish Lake,-117.17914,50.04631,1070.0,,,,1-hourly
2772,34128,1990-09-19 10:00:00,2011-04-05 16:00:00,3515,London Ridge Low,-117.23481,50.04589,2070.0,,,,1-hourly
2773,34129,1990-09-19 11:00:00,2011-04-05 16:00:00,3516,London Ridge High,-117.22867,50.04931,2160.0,,,,1-hourly
2775,34224,1995-11-03 10:00:00,2011-04-05 16:00:00,3518,Lardeau,-116.9675,50.15417,1097.0,,,,1-hourly
2778,34621,1994-07-18 10:00:00,2011-04-06 15:00:00,3521,Coffee Creek,-116.90722,49.71444,610.0,,,,1-hourly
2779,34791,2005-01-27 16:00:00,2011-04-06 15:00:00,3522,Summit Lake,-117.5925,50.1475,780.0,,,,1-hourly
2783,35091,1997-11-20 11:00:00,2011-04-06 15:00:00,3526,Canal Flats,-115.76111,49.99444,870.0,,,,1-hourly
2784,35092,2002-02-06 11:00:00,2011-04-06 15:00:00,3527,Moyie,-115.82889,49.32611,975.0,,,,1-hourly
2789,36124,1998-01-20 14:00:00,2011-04-06 15:00:00,3532,Morrissey,-115.02306,49.39,960.0,,,,1-hourly
2793,37091,2002-02-05 16:00:00,2011-04-06 15:00:00,3536,Vermillion Pit,-116.17647,50.73828,870.0,,,,1-hourly
2794,37092,2003-12-11 10:00:00,2011-04-06 15:00:00,3537,Nordic 2,-117.42179,51.507,1041.0,,,,1-hourly
2797,37121,1989-11-08 14:00:00,2011-04-06 07:00:00,3540,Kicking Horse,-116.87847,51.31514,1844.0,,,,1-hourly
2798,37122,1995-11-01 13:28:00,2011-04-06 07:00:00,3541,Kicking Horse Solar,-116.88467,51.31056,1440.0,,,,1-hourly
2799,37125,2000-01-27 14:00:00,2007-09-17 11:00:00,3542,Top Of Ten Mile Raws,-116.76,51.27278,1100.0,,,,1-hourly
2800,37126,2007-09-17 12:00:00,2011-04-06 15:00:00,3543,Top of Ten Mile 2,-116.76653,51.27483,1140.0,,,,1-hourly
2803,37221,2002-01-16 14:00:00,2011-04-06 08:00:00,3546,Toby Creek,-116.252,50.45472,1130.0,,,,1-hourly
2804,37222,2010-08-31 06:00:00,2011-04-06 08:00:00,3547,Little Dragon,-116.32,50.43361,2380.0,,,,1-hourly
2807,38121,1986-01-02 12:00:00,2011-04-06 08:00:00,3550,3 Valley Remote,-118.44503,50.92666,1165.0,,,,1-hourly
2808,38124,1999-11-23 20:00:00,2011-04-06 15:00:00,3551,Clanwilliam,-118.37777,50.96248,610.0,,,,1-hourly
2810,38222,1986-01-02 12:00:00,2011-04-06 08:00:00,3553,Corbin Pass Low,-117.77111,51.19333,1615.0,,,,1-hourly
2811,38226,1990-07-10 03:00:00,2011-04-06 08:00:00,3554,Corbin Pass High,-117.77778,51.20083,2135.0,,,,1-hourly
2812,38227,1999-08-31 15:00:00,2011-04-06 15:00:00,3555,Albert Canyon,-117.75615,51.18808,999.0,,,,1-hourly
2813,38228,2008-09-10 17:00:00,2011-04-06 08:00:00,3556,Laurie,-117.71083,51.18992,2260.0,,,,1-hourly
2816,38323,1988-04-06 10:00:00,2011-04-06 08:00:00,3559,Caribou Ridge,-118.46167,51.51833,1740.0,,,,1-hourly
2817,38324,2003-11-13 06:00:00,2011-04-06 15:00:00,3560,50 Mile,-118.60111,51.59917,650.0,,,,1-hourly
2818,38325,1989-12-14 17:00:00,2011-04-06 08:00:00,3561,Fred Laing Ridge,-118.57083,52.04028,1080.0,,,,1-hourly
2819,38326,2000-01-20 10:00:00,2011-04-06 15:00:00,3562,Mica,-118.56222,51.95778,565.0,,,,1-hourly
2821,38424,1987-03-01 16:00:00,2011-04-06 08:00:00,3564,Galena Pass,-117.755,50.70806,1570.0,,,,1-hourly
2825,39121,1996-10-21 08:00:00,2011-04-06 08:00:00,3568,Kootenay Pass,-117.04,49.05806,1780.0,,,,1-hourly
2826,39123,1977-02-02 16:00:00,2011-04-06 08:00:00,3569,Stagleap,-117.08389,49.07161,2140.0,,,,1-hourly
2827,39129,1989-12-07 09:00:00,1996-04-16 10:00:00,3570,Northfork,-117.03222,49.08278,1965.0,,,,1-hourly
2834,41091,2001-10-03 17:00:00,2011-04-06 15:00:00,3577,West Twin Creek,-120.50709,53.43988,895.0,,,,1-hourly
2835,41092,2002-10-25 12:00:00,2011-04-06 14:00:00,3578,Link Creek,-122.65694,55.50111,730.0,,,,1-hourly
2836,41093,2002-10-25 12:00:00,2011-04-06 14:00:00,3579,Whiskers Point,-122.9275,54.90389,710.0,,,,1-hourly
2837,41094,2003-11-02 21:00:00,2011-04-06 15:00:00,3580,Tamarack,-123.13222,53.83139,715.0,,,,1-hourly
2841,42091,2003-11-05 14:00:00,2011-04-06 15:00:00,3584,Dragon Lake,-122.43881,52.93078,659.0,,,,1-hourly
2843,42121,1996-10-03 14:00:00,2011-04-06 08:00:00,3586,Sliding Mountain,-121.47889,53.15667,1675.0,,,,1-hourly
2846,43091,2002-10-31 07:00:00,2011-04-06 15:00:00,3589,Braden Road,-120.76256,55.7815,760.0,,,,1-hourly
2848,43126,1989-11-26 20:00:00,1992-04-21 09:00:00,3591,Solitude High Raws,-122.6,55.48611,1555.0,,,,1-hourly
2849,43127,1989-11-02 11:00:00,1992-04-21 09:00:00,3592,Solitude Low Raws,-122.58889,55.49444,1060.0,,,,1-hourly
2854,44091,2002-11-04 07:00:00,2011-04-06 15:00:00,3597,73 Mile,-121.25264,56.54111,850.0,,,,1-hourly
2860,46094,2000-10-11 20:00:00,2011-04-06 14:00:00,3603,Chappel Creek,-119.18008,52.38556,786.0,,,,1-hourly
2862,46125,1990-10-27 18:00:00,1996-04-25 09:00:00,3605,Red Pass High Raws,-119.16806,53.05556,2100.0,,,,1-hourly
2863,46126,1990-08-12 15:00:00,1994-10-16 10:00:00,3606,Red Pass Low Raws,-119.15139,53.04722,1950.0,,,,1-hourly
2864,46127,1994-10-18 13:00:00,2011-04-06 15:00:00,3607,Robson Roadside,-119.2003,53.03303,944.0,,,,1-hourly
2869,47091,1997-11-14 15:00:00,2011-04-06 15:00:00,3612,Lee's Hill,-122.98586,51.93747,1090.0,,,,1-hourly
2870,47092,2003-11-04 15:00:00,2011-04-06 16:00:00,3613,Enterprise,-121.79314,51.96181,730.0,,,,1-hourly
2873,47121,2011-04-01 00:00:00,2020-06-03 14:00:00,3616,Bella Coola,-126.77178,52.35569,1160.0,,,,
2874,47122,1994-08-02 10:00:00,2011-04-06 08:00:00,3617,Heckman Pass,-125.87449,52.4347,975.0,,,,1-hourly
2886,51121,1986-11-25 18:00:00,1996-10-10 03:00:00,3629,Junction Meadows Raws,-129.6675,56.11833,1290.0,,,,1-hourly
2887,51122,1986-11-25 18:00:00,1995-11-15 14:00:00,3630,Yvonne Peak Raws,-129.65528,56.12861,2105.0,,,,1-hourly
2888,51123,1986-11-24 16:00:00,2011-04-06 09:00:00,3631,Windy Point Lower,-129.51522,56.11017,1035.0,,,,1-hourly
2889,51124,1986-11-24 16:00:00,2011-04-06 09:00:00,3632,Windy Point Upper,-129.52642,56.12,1490.0,,,,1-hourly
2890,51125,1991-10-19 19:00:00,2011-04-06 09:00:00,3633,Disraeli,-129.75167,56.09972,2000.0,,,,1-hourly
2891,51126,1995-10-27 12:00:00,2011-04-06 09:00:00,3634,Endgoal,-129.51218,56.09987,370.0,,,,1-hourly
